parameters,entry_hour_utc,trades,profit_factor,net_pnl,max_drawdown,average_monthly_pnl,worst_monthly_pnl,positive_months,total_months
impulse_continuation:bars=12:atr=0.75:rr=2.5,16,3,24.432853174947994,110.16182985103978,4.7011701489605,36.72060995034659,-4.7011701489605,2,3
impulse_continuation:bars=12:atr=0.75:rr=3.0,16,3,24.432853174947994,110.16182985103978,4.7011701489605,36.72060995034659,-4.7011701489605,2,3
impulse_continuation:bars=12:atr=0.75:rr=2.0,16,3,24.404137269938893,110.02683149561062,4.7011701489605,36.67561049853688,-4.7011701489605,2,3
impulse_continuation:bars=12:atr=0.5:rr=2.5,12,12,7.685653858227447,229.5133350599624,19.09408343706764,25.501481673329156,-19.09408343706764,4,9
impulse_continuation:bars=12:atr=0.5:rr=3.0,12,12,7.585403462468736,226.07181637539156,21.478727915010495,25.11909070837684,-19.09408343706764,4,9
impulse_continuation:bars=12:atr=0.5:rr=2.0,12,12,6.24372767458174,180.01312246496695,19.09408343706764,20.001458051662993,-19.09408343706764,4,9
impulse_continuation:bars=3:atr=0.75:rr=2.0,20,6,15.546361010157376,78.04850000000101,3.181500000000142,15.609700000000203,-3.181500000000142,3,5
impulse_continuation:bars=3:atr=0.75:rr=2.5,20,6,15.546361010157376,78.04850000000101,3.181500000000142,15.609700000000203,-3.181500000000142,3,5
impulse_continuation:bars=3:atr=0.75:rr=3.0,20,6,15.546361010157376,78.04850000000101,3.181500000000142,15.609700000000203,-3.181500000000142,3,5
impulse_continuation:bars=12:atr=0.75:rr=2.5,12,53,4.462764890333302,499.56307202390985,57.131874174568566,15.13827490981545,-19.46696036399544,20,33
impulse_continuation:bars=3:atr=0.5:rr=2.0,20,1,inf,13.885000000000218,0.0,13.885000000000218,13.885000000000218,1,1
impulse_continuation:bars=3:atr=0.5:rr=2.5,20,1,inf,13.885000000000218,0.0,13.885000000000218,13.885000000000218,1,1
impulse_continuation:bars=3:atr=0.5:rr=3.0,20,1,inf,13.885000000000218,0.0,13.885000000000218,13.885000000000218,1,1
impulse_continuation:bars=12:atr=0.75:rr=3.0,12,53,3.973896567010585,429.0354534448825,57.131874174568566,13.00107434681462,-19.46696036399544,20,33
impulse_continuation:bars=12:atr=0.75:rr=2.0,12,53,3.942450829166993,424.4988678271129,57.131874174568566,12.863602055367059,-19.46696036399544,20,33
impulse_continuation:bars=3:atr=0.75:rr=3.0,16,9,4.140554467636245,97.68314880459457,23.49052422802788,12.21039360057432,-9.514999999999418,4,8
impulse_continuation:bars=12:atr=0.75:rr=2.0,15,9,2.0976332648256815,77.27739561139038,51.41315674746693,11.039627944484339,-16.545000000000528,3,7
impulse_continuation:bars=12:atr=0.75:rr=3.0,6,531,1.2165028471817625,774.943242445444,250.95818707630133,10.61566085541704,-168.05362993949348,40,73
impulse_continuation:bars=12:atr=0.35:rr=3.0,6,967,1.1276025700550365,767.8350510292084,314.5155557394064,10.518288370263129,-124.72449860259985,37,73
impulse_continuation:bars=3:atr=0.75:rr=2.5,16,9,3.5186932896981036,78.34090888921673,23.49052422802788,9.792613611152092,-9.514999999999418,4,8
impulse_continuation:bars=3:atr=0.35:rr=2.5,5,626,1.1745248063030607,680.2990594677365,316.0418573769264,9.319165198188172,-305.3245295279112,36,73
impulse_continuation:bars=3:atr=0.35:rr=2.0,14,3,12.25065559440548,25.74149999999986,2.288000000000011,8.580499999999953,-2.288000000000011,2,3
impulse_continuation:bars=3:atr=0.35:rr=2.5,14,3,12.25065559440548,25.74149999999986,2.288000000000011,8.580499999999953,-2.288000000000011,2,3
impulse_continuation:bars=3:atr=0.35:rr=3.0,14,3,12.25065559440548,25.74149999999986,2.288000000000011,8.580499999999953,-2.288000000000011,2,3
impulse_continuation:bars=3:atr=0.35:rr=2.5,12,10,1.9879775273663327,68.44829773089259,36.45575197921039,8.556037216361574,-13.297993479184697,3,8
impulse_continuation:bars=3:atr=0.5:rr=2.0,5,321,1.286800045596253,605.4658691179889,294.9041925135525,8.527688297436463,-238.7468053384082,35,71
impulse_continuation:bars=3:atr=0.35:rr=3.0,11,12,2.4990941024493862,91.83850011988102,32.93905143764459,8.34895455635282,-32.93905143764459,7,11
impulse_continuation:bars=12:atr=0.35:rr=2.0,6,967,1.1032960867024193,595.8686052193157,314.5155557394064,8.16258363314131,-170.82508260572195,37,73
impulse_continuation:bars=6:atr=0.5:rr=3.0,6,489,1.2078136210936017,591.7637593517845,305.23995138310374,8.106352867832666,-163.65097652547365,39,73
impulse_continuation:bars=12:atr=0.5:rr=3.0,6,815,1.1114847311777005,583.6035630481845,350.4555557394051,7.994569356824445,-267.56099860259746,39,73
impulse_continuation:bars=3:atr=0.5:rr=2.5,5,321,1.256060405052927,554.4770538767089,294.9041925135525,7.809535970094491,-224.5680835446219,32,71
impulse_continuation:bars=6:atr=0.35:rr=3.0,6,577,1.174790900726739,569.5956553741594,282.95611226771507,7.802680210604923,-152.00142340460934,39,73
impulse_continuation:bars=3:atr=0.35:rr=2.0,5,626,1.1445758774170411,551.441899169293,319.50325132169746,7.553998618757439,-319.50325132169746,34,73
impulse_continuation:bars=3:atr=0.35:rr=2.5,11,12,2.3460558125987343,82.46296660411895,32.93905143764459,7.496633327647177,-32.93905143764459,7,11
impulse_continuation:bars=3:atr=0.75:rr=2.0,16,9,2.904821491655647,59.2471689738386,23.49052422802788,7.405896121729825,-9.514999999999418,4,8
impulse_continuation:bars=6:atr=0.35:rr=2.0,8,99,1.6969317930565988,372.29778332501246,125.77987517717656,7.024486477830424,-51.46028377081484,23,53
impulse_continuation:bars=6:atr=0.5:rr=2.5,12,32,2.1150845686702513,154.21238412603407,45.86057694054739,7.009653823910639,-30.751917797698752,11,22
impulse_continuation:bars=6:atr=0.5:rr=3.0,12,32,2.1144571263678817,154.12561100041785,45.86057694054739,7.005709590928084,-30.751917797698752,11,22
impulse_continuation:bars=12:atr=0.5:rr=2.0,6,815,1.1011537581077553,507.32896175317296,350.4555557394051,6.949711804837985,-295.3775176481995,42,73
impulse_continuation:bars=12:atr=0.35:rr=2.5,6,967,1.0816114078007726,486.8245020428867,314.5155557394064,6.668828795108037,-141.1990893223001,37,73
impulse_continuation:bars=6:atr=0.35:rr=3.0,8,99,1.63112176526995,350.2986481150126,142.9073971279522,6.609408455000238,-51.46028377081484,25,53
impulse_continuation:bars=3:atr=0.35:rr=3.0,12,10,1.762127596748842,52.80113687429207,36.45575197921039,6.600142109286509,-13.297993479184697,3,8
impulse_continuation:bars=3:atr=0.35:rr=3.0,5,626,1.1197821487485466,481.8034768255527,318.4602630372706,6.600047627747298,-291.204307734125,36,73
impulse_continuation:bars=3:atr=0.35:rr=2.5,10,11,2.680570779116367,65.75764090214193,30.52126516563976,6.575764090214193,-22.039243252270808,6,10
impulse_continuation:bars=3:atr=0.75:rr=3.0,18,10,3.6562293117442044,58.15644076158992,9.437895949211224,6.461826751287769,-6.333464038632883,6,9
impulse_continuation:bars=12:atr=0.75:rr=2.5,6,531,1.1294764585180066,462.1005718201993,250.95818707630133,6.330144819454786,-181.95188946229428,40,73
impulse_continuation:bars=12:atr=0.75:rr=2.0,6,531,1.1349048717689298,461.7824127868191,250.95818707630133,6.325786476531769,-195.88014898509573,35,73
impulse_continuation:bars=6:atr=0.5:rr=2.5,6,489,1.1514043476484699,428.09208104110917,314.82446304821406,5.86427508275492,-163.65097652547365,41,73
impulse_continuation:bars=6:atr=0.75:rr=3.0,6,293,1.268528860726178,414.1168872554317,182.04321127098183,5.751623434103219,-73.81332610613936,33,72
impulse_continuation:bars=3:atr=0.75:rr=2.5,18,10,3.324532010295918,50.894140636684824,9.437895949211224,5.654904515187202,-6.333464038632883,6,9
impulse_continuation:bars=3:atr=0.35:rr=2.0,10,11,2.409692714803438,55.15868089242281,30.52126516563976,5.5158680892422804,-22.039243252270808,6,10
impulse_continuation:bars=3:atr=0.35:rr=2.0,11,12,1.9865003429342543,60.43564024086277,32.93905143764459,5.494149112805706,-32.93905143764459,7,11
impulse_continuation:bars=3:atr=0.35:rr=2.0,12,10,1.630801339269825,43.70269230160034,36.45575197921039,5.462836537700042,-13.297993479184697,3,8
impulse_continuation:bars=6:atr=0.5:rr=2.0,12,32,1.858865081480205,118.7781048890381,36.729098993198704,5.39900476768355,-30.751917797698752,11,22
impulse_continuation:bars=6:atr=0.75:rr=3.0,18,5,3.7024114083830355,26.656463159976283,6.163954495339567,5.3312926319952565,-6.163954495339567,3,5
impulse_continuation:bars=6:atr=0.35:rr=2.5,8,99,1.5011147702400427,278.1393959539146,157.65100046298107,5.2479131312059355,-51.46028377081484,23,53
impulse_continuation:bars=3:atr=0.35:rr=2.5,9,36,1.6994216097233061,146.22923342753302,94.52884054511651,4.874307780917767,-26.51000000000022,16,30
impulse_continuation:bars=3:atr=0.75:rr=2.0,18,10,2.9930402412313866,43.636340511778826,9.437895949211224,4.848482279086536,-6.333464038632883,6,9
impulse_continuation:bars=3:atr=0.5:rr=2.5,14,18,1.447697472480619,76.3173449239764,89.82392858537332,4.769834057748525,-89.82392858537332,7,16
impulse_continuation:bars=3:atr=0.5:rr=3.0,5,321,1.1473368688838288,336.0905975203682,294.9041925135525,4.73367038761082,-210.44786175083573,30,71
impulse_continuation:bars=6:atr=0.75:rr=2.5,6,293,1.215869733655113,328.3966205419297,148.1328452691232,4.561064174193468,-73.81332610613936,35,72
impulse_continuation:bars=6:atr=0.35:rr=2.5,6,577,1.101730697541631,330.41781489863706,335.51494244852347,4.526271436967631,-152.00142340460934,36,73
impulse_continuation:bars=6:atr=0.75:rr=3.0,8,227,1.2372542369340787,307.9932631395775,161.07500542263188,4.4636704802837315,-51.32012878095702,31,69
impulse_continuation:bars=6:atr=0.75:rr=2.5,18,5,3.257189064278816,22.26481021742393,6.163954495339567,4.452962043484786,-6.163954495339567,3,5
impulse_continuation:bars=3:atr=0.35:rr=3.0,9,36,1.6202985680390953,129.68684816077803,94.52884054511651,4.322894938692601,-26.51000000000022,16,30
impulse_continuation:bars=12:atr=0.5:rr=2.5,6,815,1.0606155735353993,315.01427326167163,350.4555557394051,4.315264017283173,-281.44925812539805,40,73
impulse_continuation:bars=3:atr=0.35:rr=2.0,9,36,1.5930996855330637,124.0003327834279,94.52884054511651,4.133344426114263,-26.51000000000022,16,30
impulse_continuation:bars=3:atr=0.5:rr=3.0,12,66,1.4483735626149459,167.81934970043972,85.80100007911597,4.093154870742432,-46.338460648539694,19,41
impulse_continuation:bars=3:atr=0.5:rr=2.0,12,66,1.444703782175736,166.44580714975973,76.63921579756334,4.059653832920969,-46.338460648539694,20,41
impulse_continuation:bars=6:atr=0.5:rr=3.0,10,36,1.9567169342148496,117.40607130062926,27.09397767671271,4.048485217263078,-13.871146192594551,12,29
impulse_continuation:bars=6:atr=0.5:rr=2.0,6,489,1.0996115919401428,276.77005995927334,331.0977240095426,3.7913706843736072,-163.65097652547365,35,73
impulse_continuation:bars=3:atr=0.35:rr=2.0,8,95,1.2918387663958153,185.89223526134856,152.98763846084876,3.644945789438207,-70.09095269588306,17,51
impulse_continuation:bars=6:atr=0.75:rr=2.0,18,5,2.8110036175969175,17.863657274871002,6.163954495339567,3.5727314549742006,-6.163954495339567,3,5
impulse_continuation:bars=12:atr=0.35:rr=3.0,7,367,1.1243704989954788,255.1058783225426,165.52226008296657,3.5431371989242026,-70.68970252929876,33,72
impulse_continuation:bars=6:atr=0.75:rr=2.0,6,293,1.170237281386408,254.38296079866473,170.10073695521737,3.5330966777592323,-73.81332610613936,33,72
impulse_continuation:bars=3:atr=0.5:rr=3.0,14,18,1.3265475790503496,55.66536725434344,89.82392858537332,3.479085453396465,-89.82392858537332,7,16
impulse_continuation:bars=3:atr=0.5:rr=2.5,12,66,1.3801465692351564,142.2830321837771,92.80803408292513,3.4703178581409047,-46.338460648539694,18,41
impulse_continuation:bars=6:atr=0.5:rr=2.0,14,7,2.7231421931742856,20.558613657950673,11.501886342048692,3.4264356096584456,-10.047886342048741,4,6
impulse_continuation:bars=6:atr=0.5:rr=2.5,14,7,2.7231421931742856,20.558613657950673,11.501886342048692,3.4264356096584456,-10.047886342048741,4,6
impulse_continuation:bars=6:atr=0.5:rr=3.0,14,7,2.7231421931742856,20.558613657950673,11.501886342048692,3.4264356096584456,-10.047886342048741,4,6
impulse_continuation:bars=3:atr=0.5:rr=3.0,13,49,1.4466181395993287,117.75773192598467,68.20522073847951,3.3645066264567047,-67.64771249433488,15,35
impulse_continuation:bars=12:atr=0.35:rr=2.5,9,57,1.362678625066942,142.29930110293117,109.5089123076059,3.30928607216119,-44.475216699167504,17,43
impulse_continuation:bars=6:atr=0.5:rr=2.5,10,36,1.77317989687418,94.8828340486316,27.09397767671271,3.271821863745917,-13.871146192594551,12,29
impulse_continuation:bars=6:atr=0.35:rr=2.5,5,599,1.0567599942973078,232.6903575817787,462.761761342457,3.1875391449558728,-404.25561566113083,29,73
impulse_continuation:bars=12:atr=0.35:rr=3.0,9,57,1.347087291794408,136.1819407883138,109.5089123076059,3.1670218787979953,-44.475216699167504,17,43
impulse_continuation:bars=3:atr=0.35:rr=3.0,8,95,1.2411334012394966,157.33939778118156,204.30542520981817,3.08508623100356,-43.77449314207661,15,51
impulse_continuation:bars=12:atr=0.35:rr=2.5,10,10,2.410065833967376,30.566096144563062,8.670570253210144,3.056609614456306,-8.165570491957624,6,10
impulse_continuation:bars=3:atr=0.75:rr=3.0,8,153,1.1956224992623181,174.06821626632018,324.90882952374614,3.0538283555494767,-63.18640845735217,20,57
impulse_continuation:bars=3:atr=0.35:rr=2.0,15,1,inf,3.0314999999998236,0.0,3.0314999999998236,3.0314999999998236,1,1
impulse_continuation:bars=3:atr=0.35:rr=2.5,15,1,inf,3.0314999999998236,0.0,3.0314999999998236,3.0314999999998236,1,1
impulse_continuation:bars=3:atr=0.35:rr=3.0,15,1,inf,3.0314999999998236,0.0,3.0314999999998236,3.0314999999998236,1,1
impulse_continuation:bars=6:atr=0.35:rr=2.0,11,4,2.02715424214107,11.771345899706375,11.460154100293039,2.942836474926594,-7.294154100293099,2,4
impulse_continuation:bars=6:atr=0.35:rr=2.5,11,4,2.02715424214107,11.771345899706375,11.460154100293039,2.942836474926594,-7.294154100293099,2,4
impulse_continuation:bars=6:atr=0.35:rr=3.0,11,4,2.02715424214107,11.771345899706375,11.460154100293039,2.942836474926594,-7.294154100293099,2,4
impulse_continuation:bars=12:atr=0.35:rr=2.0,10,10,2.350585246539843,29.276731272194183,8.165570491957624,2.9276731272194185,-8.165570491957624,6,10
impulse_continuation:bars=3:atr=0.5:rr=2.5,13,49,1.3769047684615559,99.3767309270927,77.25750159221843,2.8393351693455053,-67.64771249433488,15,35
impulse_continuation:bars=6:atr=0.75:rr=3.0,11,69,1.3014237651960596,132.2111575103031,161.52170524745907,2.813003351283045,-75.38973882368828,25,47
impulse_continuation:bars=6:atr=0.75:rr=2.5,8,227,1.1476682987588025,190.7688556987921,173.5174433673883,2.764766024620175,-51.32012878095702,31,69
impulse_continuation:bars=3:atr=0.75:rr=3.0,6,151,1.1872622409148328,169.0310778236992,111.43831890391812,2.7263077068338584,-63.92666756874132,29,62
impulse_continuation:bars=3:atr=0.75:rr=3.0,11,78,1.2672679847168211,124.6297073408241,89.99901020331254,2.7093414639309588,-45.141376576752464,18,46
impulse_continuation:bars=12:atr=0.5:rr=3.0,9,89,1.2823614861363226,148.5849276750373,107.82633804340594,2.6067531171059177,-44.475216699167504,23,57
impulse_continuation:bars=3:atr=0.5:rr=2.0,14,18,1.242016608506772,41.255682964665084,89.82392858537332,2.5784801852915678,-89.82392858537332,7,16
impulse_continuation:bars=3:atr=0.75:rr=2.5,8,153,1.1630904795197463,142.0612436426968,331.0246002452293,2.4923025200473123,-63.18640845735217,22,57
impulse_continuation:bars=6:atr=0.75:rr=2.0,8,227,1.131385147289291,164.24663179201502,180.77024336273098,2.3803859680002177,-51.32012878095702,31,69
impulse_continuation:bars=6:atr=0.5:rr=2.0,10,36,1.5570327114269322,68.35775546112222,27.807123954081362,2.3571639814180076,-13.871146192594551,12,29
impulse_continuation:bars=6:atr=0.35:rr=2.0,5,599,1.041893834373065,167.67952776605762,463.35771314245085,2.2969798324117483,-418.5673374549169,36,73
impulse_continuation:bars=12:atr=0.5:rr=2.5,9,89,1.2483789262369505,130.70254479785171,107.82633804340594,2.2930271017166968,-44.475216699167504,23,57
impulse_continuation:bars=6:atr=0.75:rr=2.0,20,3,1.9486351834959599,6.759500000000344,7.1254999999998745,2.253166666666781,-4.941499999999905,1,3
impulse_continuation:bars=6:atr=0.75:rr=2.5,20,3,1.9486351834959599,6.759500000000344,7.1254999999998745,2.253166666666781,-4.941499999999905,1,3
impulse_continuation:bars=6:atr=0.75:rr=3.0,20,3,1.9486351834959599,6.759500000000344,7.1254999999998745,2.253166666666781,-4.941499999999905,1,3
impulse_continuation:bars=3:atr=0.35:rr=2.5,8,95,1.175741550738194,114.6712550652203,213.42026429579823,2.248455981670986,-56.926222918979875,14,51
impulse_continuation:bars=12:atr=0.35:rr=2.0,9,57,1.2483033055206039,95.72193930792514,109.5089123076059,2.2260916118122127,-44.475216699167504,18,43
impulse_continuation:bars=3:atr=0.75:rr=3.0,13,225,1.1255363386979724,142.49889793485977,136.75380383536958,2.035698541926568,-41.910030139034006,28,70
impulse_continuation:bars=6:atr=0.35:rr=2.0,6,577,1.045436801933679,145.78796964996718,358.1712471372389,1.9970954746570846,-152.00142340460934,36,73
impulse_continuation:bars=3:atr=0.75:rr=3.0,12,192,1.1594660582907763,125.64207976703597,177.02417868067164,1.9943187264608884,-46.338460648539694,30,63
impulse_continuation:bars=3:atr=0.75:rr=2.5,12,192,1.1547514472727178,121.08684978907377,171.58265703490724,1.9220134887154565,-46.338460648539694,30,63
impulse_continuation:bars=3:atr=0.5:rr=2.0,13,49,1.254880493757538,67.20315678174006,86.30978244595644,1.9200901937640018,-67.64771249433488,15,35
impulse_continuation:bars=6:atr=0.5:rr=2.5,5,383,1.050816195808028,139.92926027156864,445.1220221448805,1.91683918180231,-367.93191865005065,31,73
impulse_continuation:bars=6:atr=0.35:rr=3.0,9,25,1.2708054246429326,38.82611793211822,55.016662422893205,1.8488627586722963,-34.10738509928069,9,21
impulse_continuation:bars=3:atr=0.5:rr=3.0,6,401,1.0613883374786681,134.72862076124147,228.53916694615418,1.8455975446745407,-89.34694609818325,36,73
impulse_continuation:bars=6:atr=0.75:rr=2.5,11,69,1.1920615030114914,84.24244057133751,161.52170524745907,1.7923923525816492,-75.38973882368828,25,47
impulse_continuation:bars=12:atr=0.35:rr=3.0,10,10,1.8202874991446925,17.78142974679008,8.670570253210144,1.778142974679008,-8.165570491957624,6,10
impulse_continuation:bars=6:atr=0.5:rr=2.0,8,196,1.0975546321934326,111.87761007706558,225.31591601637092,1.7211940011856244,-69.68995269588231,25,65
impulse_continuation:bars=6:atr=0.35:rr=2.5,9,25,1.2439803614636396,34.98013490608014,55.016662422893205,1.66572070981334,-34.10738509928069,9,21
impulse_continuation:bars=3:atr=0.5:rr=2.5,10,67,1.227653924534647,74.00842884735835,95.60775956475868,1.6446317521635188,-16.899646961605868,18,45
impulse_continuation:bars=3:atr=0.75:rr=2.5,13,225,1.1012801772082075,113.8046274405176,140.15760829793453,1.6257803920073943,-41.910030139034006,29,70
impulse_continuation:bars=3:atr=0.35:rr=3.0,10,11,1.4150806275541135,16.24134085354649,30.52126516563976,1.6241340853546489,-22.039243252270808,6,10
impulse_continuation:bars=12:atr=0.35:rr=2.5,7,367,1.0538349825072932,109.72041273180685,198.71714491356147,1.523894621275095,-70.68970252929876,32,72
impulse_continuation:bars=3:atr=0.75:rr=2.5,11,78,1.1497439245722458,69.82707455694322,99.83482165157625,1.5179798816726786,-45.141376576752464,18,46
impulse_continuation:bars=6:atr=0.5:rr=3.0,8,196,1.0826608835977607,97.35893278194408,203.70402965122503,1.497829735106832,-51.607348992926745,26,65
impulse_continuation:bars=12:atr=0.5:rr=2.0,11,16,1.2327802736758382,20.682176470950026,34.30311200919914,1.3788117647300018,-34.30311200919914,6,15
impulse_continuation:bars=12:atr=0.75:rr=2.5,14,26,1.1758369216675983,29.54842222881757,52.2052768640383,1.28471400994859,-49.553668392321924,11,23
impulse_continuation:bars=12:atr=0.5:rr=2.0,9,89,1.1350563511985732,70.14421564375925,107.82633804340594,1.2306002744519167,-44.475216699167504,24,57
impulse_continuation:bars=3:atr=0.5:rr=2.0,8,180,1.087388126924499,86.90305524296491,136.86000450024085,1.2069868783745126,-54.7879534066833,34,72
impulse_continuation:bars=6:atr=0.5:rr=2.0,11,28,1.1802598677068368,31.30201998116445,92.06541219117571,1.203923845429402,-70.72907917121029,15,26
impulse_continuation:bars=3:atr=0.75:rr=2.0,9,65,1.1503119116637863,51.30483376996267,52.002541516267684,1.1931356690688992,-28.30999999999949,20,43
impulse_continuation:bars=3:atr=0.35:rr=3.0,6,500,1.0307424701973078,86.2254696204268,351.80828001020745,1.1811708167181751,-140.77893771952222,33,73
impulse_continuation:bars=3:atr=0.5:rr=3.0,10,67,1.151943595750915,49.39562020698645,89.16602529043507,1.0976804490441434,-16.899646961605868,18,45
impulse_continuation:bars=6:atr=0.35:rr=3.0,5,599,1.0188793957341882,79.70650239018642,434.90226955487833,1.0918698957559783,-390.1118938673444,33,73
impulse_continuation:bars=6:atr=0.75:rr=3.0,13,131,1.0971393849031041,71.9310571390256,120.95335760319858,1.0898645021064484,-99.49423307525922,32,66
impulse_continuation:bars=3:atr=0.75:rr=2.0,11,78,1.1077125194148378,48.68620264204105,81.34460520426342,1.0583957096095882,-45.141376576752464,21,46
impulse_continuation:bars=12:atr=0.5:rr=2.5,11,16,1.1730528296879714,15.375483093503135,34.30311200919914,1.0250322062335424,-34.30311200919914,6,15
impulse_continuation:bars=3:atr=0.75:rr=2.5,6,151,1.0705641354934397,63.35742758283277,111.43831890391812,1.0218939932714963,-63.92666756874132,31,62
impulse_continuation:bars=6:atr=0.5:rr=3.0,11,28,1.1430223548485101,25.630482501487904,92.06541219117571,0.9857877885187656,-70.72907917121029,14,26
impulse_continuation:bars=6:atr=0.5:rr=2.5,11,28,1.1438562669341181,24.980556123068254,92.06541219117571,0.9607906201180098,-70.72907917121029,15,26
impulse_continuation:bars=3:atr=0.75:rr=2.0,13,225,1.0531699116581963,59.48635982779251,162.12872651592625,0.8498051403970359,-41.910030139034006,28,70
impulse_continuation:bars=6:atr=0.75:rr=2.0,11,69,1.0859508388593486,37.6999467417063,161.52170524745907,0.802126526419283,-75.38973882368828,24,47
impulse_continuation:bars=12:atr=0.75:rr=3.0,9,134,1.0603861796941363,45.90703120096077,114.3925564078645,0.7780852745925555,-73.49230999127303,25,59
impulse_continuation:bars=12:atr=0.75:rr=2.0,14,26,1.1058054639990853,17.780023073146367,53.40586210184074,0.7730444814411463,-49.553668392321924,12,23
impulse_continuation:bars=12:atr=0.75:rr=3.0,14,26,1.1033714174057343,17.37099500450836,65.8521991551329,0.7552606523699287,-49.553668392321924,11,23
impulse_continuation:bars=6:atr=0.5:rr=2.0,5,383,1.019176973476305,52.18026571687278,426.90101613137085,0.7147981605051066,-382.1106404438369,29,73
impulse_continuation:bars=12:atr=0.5:rr=3.0,11,16,1.112213577064559,9.970007194499885,34.30311200919914,0.6646671462999924,-34.30311200919914,6,15
impulse_continuation:bars=6:atr=0.35:rr=2.0,9,25,1.0960884632607932,13.776467038644796,55.016662422893205,0.6560222399354665,-34.10738509928069,9,21
impulse_continuation:bars=6:atr=0.75:rr=2.0,17,2,27.040000000149337,1.302000000000362,0.04999999999972715,0.651000000000181,-0.04999999999972715,1,2
impulse_continuation:bars=6:atr=0.75:rr=2.5,17,2,27.040000000149337,1.302000000000362,0.04999999999972715,0.651000000000181,-0.04999999999972715,1,2
impulse_continuation:bars=6:atr=0.75:rr=3.0,17,2,27.040000000149337,1.302000000000362,0.04999999999972715,0.651000000000181,-0.04999999999972715,1,2
impulse_continuation:bars=3:atr=0.5:rr=2.0,10,67,1.0864350663127706,28.09933309167195,98.40620652671078,0.6244296242593766,-16.899646961605868,18,45
impulse_continuation:bars=3:atr=0.35:rr=2.0,6,500,1.0164653107493997,44.54174319019398,326.483227121601,0.6101608656190957,-140.77893771952222,34,73
impulse_continuation:bars=6:atr=0.75:rr=2.5,13,131,1.0530895126925417,39.312424870503946,120.95335760319858,0.5956428010682416,-99.49423307525922,32,66
impulse_continuation:bars=3:atr=0.75:rr=2.0,6,151,1.0418871349735777,36.75764807356745,129.302941614068,0.5928652915091525,-65.37627404532668,30,62
impulse_continuation:bars=6:atr=0.75:rr=2.0,13,131,1.0526666495463461,38.99929757243308,120.95335760319858,0.5908984480671678,-99.49423307525922,33,66
impulse_continuation:bars=3:atr=0.5:rr=2.5,8,180,1.0407525450131974,41.364453811123894,142.06566548146975,0.5745063029322763,-54.7879534066833,33,72
impulse_continuation:bars=3:atr=0.75:rr=2.0,12,192,1.042715842433846,33.23404712098727,181.20972635374005,0.5275245574759884,-46.338460648539694,29,63
impulse_continuation:bars=12:atr=0.75:rr=3.0,11,48,1.0557068078205698,17.01792928059399,116.97035086546293,0.45994403461064837,-34.30311200919914,13,37
impulse_continuation:bars=12:atr=0.5:rr=2.0,10,28,1.0515544576605638,10.48431598352522,64.3910985597513,0.4193726393410088,-64.3910985597513,10,25
impulse_continuation:bars=12:atr=0.75:rr=2.5,9,134,1.0296022896495027,22.50437503155308,114.3925564078645,0.3814300852805607,-73.49230999127303,24,59
impulse_continuation:bars=3:atr=0.5:rr=2.0,6,401,1.0127311124841247,26.951925271937398,200.58685315518233,0.36920445577996436,-89.34694609818325,32,73
impulse_continuation:bars=3:atr=0.75:rr=2.0,8,153,1.0226630141010407,19.579521268247163,365.03672170682694,0.3435003731271432,-63.18640845735217,20,57
impulse_continuation:bars=3:atr=0.75:rr=2.5,5,102,1.0207972118232431,15.99126294385178,256.0852545914058,0.31355417536964275,-203.71020141754252,22,51
impulse_continuation:bars=6:atr=0.75:rr=2.5,7,258,1.0139625305973348,19.068529644807768,226.67427532211514,0.27635550209866333,-78.67216577139425,29,69
impulse_continuation:bars=6:atr=0.75:rr=3.0,7,258,1.0066867180199743,9.269368145724684,229.2827422631758,0.1343386687786186,-78.67216577139425,33,69
impulse_continuation:bars=12:atr=0.75:rr=2.0,11,48,1.0149783224102857,4.575742920707398,116.97035086546293,0.12366872758668644,-34.30311200919914,14,37
impulse_continuation:bars=6:atr=0.5:rr=2.5,8,196,1.0048451650873205,5.706690777094991,239.41224881745052,0.08779524272453833,-56.501722918978885,23,65
impulse_continuation:bars=6:atr=0.75:rr=3.0,12,110,0.9989925348202422,-0.530625060033799,208.18063195191257,-0.009148707931617223,-38.18636420921439,23,58
impulse_continuation:bars=12:atr=0.75:rr=2.5,11,48,0.9946150059283702,-1.6450673063620798,116.97035086546293,-0.04446127855032648,-34.30311200919914,13,37
impulse_continuation:bars=12:atr=0.5:rr=2.5,10,28,0.9911408784434256,-1.8016255809948234,64.3910985597513,-0.07206502323979294,-64.3910985597513,9,25
impulse_continuation:bars=3:atr=0.5:rr=3.0,8,180,0.9939277296739529,-6.279950016304838,182.9767485597747,-0.08722152800423386,-95.47338190824848,29,72
impulse_continuation:bars=12:atr=0.5:rr=3.0,10,28,0.9874777741817783,-2.546568778973324,64.3910985597513,-0.10186275115893295,-64.3910985597513,8,25
impulse_continuation:bars=3:atr=0.5:rr=2.5,6,401,0.995001299615734,-10.910252268434078,242.40145546967187,-0.14945551052649422,-89.34694609818325,35,73
impulse_continuation:bars=3:atr=0.75:rr=2.0,19,6,0.8890831758033754,-1.173500000000331,10.580000000000382,-0.1955833333333885,-7.289999999999964,2,6
impulse_continuation:bars=3:atr=0.75:rr=2.5,19,6,0.8890831758033754,-1.173500000000331,10.580000000000382,-0.1955833333333885,-7.289999999999964,2,6
impulse_continuation:bars=3:atr=0.75:rr=3.0,19,6,0.8890831758033754,-1.173500000000331,10.580000000000382,-0.1955833333333885,-7.289999999999964,2,6
impulse_continuation:bars=3:atr=0.5:rr=3.0,7,309,0.9903438896406852,-15.533685969124235,300.10586360263096,-0.218784309424285,-113.35696196149911,42,71
impulse_continuation:bars=6:atr=0.75:rr=2.5,12,110,0.9753477587967636,-12.984167821640767,218.32618846948935,-0.2238649624420822,-38.18636420921439,24,58
impulse_continuation:bars=3:atr=0.75:rr=3.0,14,105,0.9756812595024662,-15.473825016460523,100.64357153920719,-0.26226822061797495,-41.498834628842815,24,59
impulse_continuation:bars=6:atr=0.75:rr=2.0,7,258,0.9861439426072542,-18.747434227024996,247.98409978629525,-0.27170194531920283,-78.67216577139425,30,69
impulse_continuation:bars=3:atr=0.35:rr=3.0,7,252,0.9869980610463671,-19.318827343124894,275.7877317085313,-0.27209615976232243,-79.4611508680091,37,71
impulse_continuation:bars=12:atr=0.35:rr=2.0,7,367,0.9900652541859613,-20.197173341390908,291.1087611084911,-0.2805162964082071,-70.68970252929876,33,72
impulse_continuation:bars=3:atr=0.75:rr=2.5,14,105,0.9665223351532571,-21.3015771869741,100.64357153920719,-0.3610436811351542,-41.498834628842815,25,59
impulse_continuation:bars=3:atr=0.75:rr=3.0,5,102,0.9764396975216966,-18.57714385940153,256.0852545914058,-0.3642577227333634,-203.71020141754252,23,51
impulse_continuation:bars=6:atr=0.75:rr=2.0,12,110,0.9582123879708359,-21.86588718294888,215.0965067091472,-0.37699805487842897,-38.18636420921439,24,58
impulse_continuation:bars=3:atr=0.75:rr=2.5,9,65,0.9528960676101704,-16.70442409716088,112.78977193236051,-0.38847497900374145,-28.30999999999949,18,43
impulse_continuation:bars=3:atr=0.5:rr=2.5,7,309,0.9823898101226495,-27.902346982685685,267.892356409925,-0.3929908025730378,-113.35696196149911,43,71
impulse_continuation:bars=3:atr=0.35:rr=2.5,6,500,0.989689411636803,-28.741562385121142,366.7219686067474,-0.39372003267289235,-140.77893771952222,33,73
impulse_continuation:bars=12:atr=0.75:rr=2.0,19,1,0.0,-0.5200000000004366,0.5200000000004366,-0.5200000000004366,-0.5200000000004366,0,1
impulse_continuation:bars=12:atr=0.75:rr=2.5,19,1,0.0,-0.5200000000004366,0.5200000000004366,-0.5200000000004366,-0.5200000000004366,0,1
impulse_continuation:bars=12:atr=0.75:rr=3.0,19,1,0.0,-0.5200000000004366,0.5200000000004366,-0.5200000000004366,-0.5200000000004366,0,1
impulse_continuation:bars=6:atr=0.75:rr=2.0,14,53,0.920832064667877,-26.21727270063184,109.1187183502825,-0.6097040162937637,-31.69192229109467,16,43
impulse_continuation:bars=6:atr=0.5:rr=2.0,13,10,0.7800763167732939,-7.512478280564437,34.1594782805646,-0.7512478280564437,-8.131721926697992,3,10
impulse_continuation:bars=6:atr=0.5:rr=2.5,13,10,0.7800763167732939,-7.512478280564437,34.1594782805646,-0.7512478280564437,-8.131721926697992,3,10
impulse_continuation:bars=6:atr=0.5:rr=3.0,13,10,0.7800763167732939,-7.512478280564437,34.1594782805646,-0.7512478280564437,-8.131721926697992,3,10
impulse_continuation:bars=3:atr=0.35:rr=2.5,7,252,0.9613711371804071,-56.74041263086633,313.7324964616132,-0.7991607412798075,-79.4611508680091,38,71
impulse_continuation:bars=12:atr=0.75:rr=2.0,9,134,0.9355222892871852,-49.01751182890507,114.3925564078645,-0.8308052852356792,-73.49230999127303,24,59
impulse_continuation:bars=6:atr=0.75:rr=2.5,5,179,0.9638205779684628,-52.40658066834135,407.8486996085817,-0.831850486799069,-255.73760733310974,25,63
impulse_continuation:bars=12:atr=0.35:rr=2.0,8,139,0.9412087215561149,-52.678605746600624,212.11682909041247,-0.8361683451841369,-45.153764365873485,25,63
impulse_continuation:bars=3:atr=0.5:rr=2.0,7,309,0.9593059961803314,-64.22196712991376,298.2461410418132,-0.9045347483086446,-113.35696196149911,40,71
impulse_continuation:bars=12:atr=0.75:rr=2.5,10,80,0.8878267844999036,-54.40725928739084,156.35054712557303,-1.0462934478344392,-64.78259855975193,20,52
impulse_continuation:bars=3:atr=0.75:rr=2.0,14,105,0.89991180435661,-63.605268154021815,100.64357153920719,-1.0780553924410476,-41.498834628842815,27,59
impulse_continuation:bars=12:atr=0.75:rr=2.0,10,80,0.8783456258039987,-58.027506096328125,177.412648732472,-1.1159135787755408,-64.78259855975193,22,52
impulse_continuation:bars=3:atr=0.75:rr=3.0,9,65,0.858647059255681,-50.8697908822744,149.38322387582025,-1.1830183926110325,-28.30999999999949,16,43
impulse_continuation:bars=3:atr=0.75:rr=2.0,5,102,0.9180428966093818,-63.017946904357814,230.5241038555805,-1.2356460177325062,-203.71020141754252,21,51
impulse_continuation:bars=12:atr=0.75:rr=3.0,10,80,0.8597527650266652,-69.0365030561561,156.35054712557303,-1.327625058772233,-64.78259855975193,19,52
impulse_continuation:bars=6:atr=0.75:rr=3.0,14,53,0.8253311471583087,-57.843379747697554,105.50141518297528,-1.3451948778534315,-31.69192229109467,16,43
impulse_continuation:bars=6:atr=0.5:rr=3.0,5,383,0.9654133430465203,-99.37999897042846,450.15694154635617,-1.3613698489099788,-353.81169685626446,28,73
impulse_continuation:bars=6:atr=0.75:rr=2.5,14,53,0.8108100485653734,-62.652190286037694,110.31022572131542,-1.457027681070644,-31.69192229109467,16,43
impulse_continuation:bars=6:atr=0.75:rr=3.0,10,61,0.8139680949911476,-63.8302119624459,93.64896115986107,-1.4844235340103697,-36.04808903452158,13,43
impulse_continuation:bars=3:atr=0.5:rr=3.0,9,74,0.8337739690988344,-76.86481400339858,160.98740767921822,-1.5686696735387464,-36.52223082187402,17,49
impulse_continuation:bars=6:atr=0.75:rr=3.0,9,96,0.8496679234427219,-78.31708108328553,169.24845126715786,-1.5983077772099088,-35.886495527944135,21,49
impulse_continuation:bars=6:atr=0.75:rr=2.0,9,96,0.8434919384123742,-79.45339050855296,170.3847606924253,-1.6214977654806726,-35.886495527944135,22,49
impulse_continuation:bars=3:atr=0.75:rr=3.0,15,48,0.8454087884339969,-50.687939750508576,136.12687067279012,-1.635094830661567,-79.5766567474675,13,31
impulse_continuation:bars=12:atr=0.35:rr=2.5,11,6,0.629863760224129,-10.267905546193333,20.060107978659516,-1.7113175910322223,-7.680773466537175,2,6
impulse_continuation:bars=3:atr=0.75:rr=2.0,21,1,0.0,-1.7640000000001237,1.7640000000001237,-1.7640000000001237,-1.7640000000001237,0,1
impulse_continuation:bars=3:atr=0.75:rr=2.5,21,1,0.0,-1.7640000000001237,1.7640000000001237,-1.7640000000001237,-1.7640000000001237,0,1
impulse_continuation:bars=3:atr=0.75:rr=3.0,21,1,0.0,-1.7640000000001237,1.7640000000001237,-1.7640000000001237,-1.7640000000001237,0,1
impulse_continuation:bars=3:atr=0.75:rr=2.0,7,173,0.8782453075763652,-116.59760085037533,247.30370965463453,-1.7666303159147778,-68.43919228360255,35,66
impulse_continuation:bars=6:atr=0.75:rr=2.5,10,61,0.737848407452976,-89.94796735416458,99.45359883002084,-2.091813194282897,-36.04808903452158,13,43
impulse_continuation:bars=6:atr=0.75:rr=2.5,9,96,0.7998452061410454,-104.27275122410424,195.20412140797657,-2.128015331104168,-35.886495527944135,21,49
impulse_continuation:bars=3:atr=0.5:rr=2.5,9,74,0.7698620420548973,-106.41841856339624,178.01273427811793,-2.171804460477474,-36.52223082187402,17,49
impulse_continuation:bars=3:atr=0.5:rr=2.0,9,74,0.7648868712670189,-108.7189943226333,174.54172824059765,-2.21875498617619,-36.52223082187402,17,49
impulse_continuation:bars=12:atr=0.35:rr=2.0,11,6,0.5095577351111953,-13.605300725994084,20.060107978659516,-2.267550120999014,-7.680773466537175,2,6
impulse_continuation:bars=6:atr=0.75:rr=2.0,19,2,0.14657423246599194,-4.739499999999907,5.553499999999758,-2.3697499999999536,-5.553499999999758,1,2
impulse_continuation:bars=6:atr=0.75:rr=2.5,19,2,0.14657423246599194,-4.739499999999907,5.553499999999758,-2.3697499999999536,-5.553499999999758,1,2
impulse_continuation:bars=6:atr=0.75:rr=3.0,19,2,0.14657423246599194,-4.739499999999907,5.553499999999758,-2.3697499999999536,-5.553499999999758,1,2
impulse_continuation:bars=6:atr=0.75:rr=2.0,10,61,0.6994302215412873,-102.9520103493046,104.16112192987157,-2.394232798821037,-36.04808903452158,13,43
impulse_continuation:bars=3:atr=0.75:rr=2.0,15,48,0.7714594096731182,-74.93473630025028,140.92270510015942,-2.4172495580725895,-79.5766567474675,13,31
impulse_continuation:bars=3:atr=0.75:rr=2.5,15,48,0.7701278961985331,-75.37131787622138,138.66848418687778,-2.4313328347168186,-79.5766567474675,13,31
impulse_continuation:bars=3:atr=0.75:rr=2.5,7,173,0.8327802798104573,-162.5066435766505,239.40802856545452,-2.4622218723734925,-68.43919228360255,33,66
impulse_continuation:bars=6:atr=0.75:rr=2.0,5,179,0.8901169377919744,-157.95378752314787,391.2044486980608,-2.5072029765579025,-255.73760733310974,29,63
impulse_continuation:bars=6:atr=0.35:rr=2.5,7,228,0.8604930817499399,-184.77513384154759,307.50360565910796,-2.531166217007501,-76.73024779524394,33,73
impulse_continuation:bars=12:atr=0.5:rr=3.0,7,377,0.9156126377219279,-183.56542198703073,240.19408831992268,-2.549519749819871,-73.94020252929886,33,72
impulse_continuation:bars=12:atr=0.35:rr=3.0,11,6,0.43500780693792934,-15.673381445196583,20.060107978659516,-2.612230240866097,-7.680773466537175,2,6
impulse_continuation:bars=6:atr=0.35:rr=3.0,7,228,0.8554140008509719,-191.5362894194493,329.22360240675334,-2.6237847865677986,-76.73024779524394,31,73
impulse_continuation:bars=3:atr=0.35:rr=2.0,7,252,0.8725559137892858,-186.50935549495966,372.8064954058236,-2.626892330914925,-79.4611508680091,37,71
impulse_continuation:bars=3:atr=0.75:rr=3.0,7,173,0.8134474906499604,-183.4636542823498,255.04363888151602,-2.779752337611361,-68.43919228360255,30,66
impulse_continuation:bars=3:atr=0.75:rr=3.0,10,80,0.6763125831603305,-144.5311538962983,172.0974463709308,-2.890623077925966,-41.73710738946602,16,50
impulse_continuation:bars=3:atr=0.75:rr=2.0,10,80,0.6567349907513802,-151.74779498003136,172.55377119669288,-3.034955899600627,-41.73710738946602,17,50
impulse_continuation:bars=3:atr=0.75:rr=2.5,10,80,0.6390504903268316,-161.16922196331916,182.36025576110887,-3.223384439266383,-41.73710738946602,16,50
impulse_continuation:bars=12:atr=0.35:rr=3.0,8,139,0.7840208906206902,-203.175508562897,310.8406236576943,-3.2250080724269363,-48.13591947968871,22,63
impulse_continuation:bars=6:atr=0.35:rr=2.0,7,228,0.8211192207828172,-235.89510857980895,310.0790701896026,-3.2314398435590266,-76.73024779524394,32,73
impulse_continuation:bars=12:atr=0.75:rr=2.0,13,58,0.6852073372166929,-130.9928222992371,196.99450330385048,-3.358790315365054,-47.66285631650317,18,39
impulse_continuation:bars=12:atr=0.75:rr=2.0,17,3,0.32046902713001374,-10.344499999999925,11.195000000000164,-3.448166666666642,-11.195000000000164,1,3
impulse_continuation:bars=12:atr=0.75:rr=2.5,17,3,0.32046902713001374,-10.344499999999925,11.195000000000164,-3.448166666666642,-11.195000000000164,1,3
impulse_continuation:bars=12:atr=0.75:rr=3.0,17,3,0.32046902713001374,-10.344499999999925,11.195000000000164,-3.448166666666642,-11.195000000000164,1,3
impulse_continuation:bars=12:atr=0.75:rr=2.5,13,58,0.6730759627001277,-137.90477160724254,185.39690148752902,-3.536019784801091,-47.66285631650317,17,39
impulse_continuation:bars=12:atr=0.5:rr=2.0,14,4,0.2863952033909481,-14.82050425417333,18.450504254172984,-3.7051260635433323,-12.355188377819559,2,4
impulse_continuation:bars=12:atr=0.5:rr=2.5,14,4,0.2863952033909481,-14.82050425417333,18.450504254172984,-3.7051260635433323,-12.355188377819559,2,4
impulse_continuation:bars=12:atr=0.5:rr=3.0,14,4,0.2863952033909481,-14.82050425417333,18.450504254172984,-3.7051260635433323,-12.355188377819559,2,4
impulse_continuation:bars=12:atr=0.35:rr=2.5,8,139,0.7453009969605527,-239.60002252866002,345.2681319220694,-3.8031749607723815,-48.13591947968871,22,63
impulse_continuation:bars=12:atr=0.5:rr=2.5,7,377,0.8733184232089315,-273.90866949439487,289.2306623702691,-3.8042870763110397,-73.94020252929886,32,72
impulse_continuation:bars=12:atr=0.5:rr=2.0,8,198,0.792873174121998,-264.87508431101105,303.61880704179634,-3.83876933784074,-63.469362369548435,33,69
impulse_continuation:bars=12:atr=0.75:rr=3.0,13,58,0.6268083307690036,-157.42162104715408,190.80041056913592,-4.036451821721899,-47.66285631650317,17,39
impulse_continuation:bars=6:atr=0.5:rr=2.0,15,2,0.523876801356323,-8.424999999999727,17.69499999999971,-4.212499999999864,-17.69499999999971,1,2
impulse_continuation:bars=6:atr=0.5:rr=2.5,15,2,0.523876801356323,-8.424999999999727,17.69499999999971,-4.212499999999864,-17.69499999999971,1,2
impulse_continuation:bars=6:atr=0.5:rr=3.0,15,2,0.523876801356323,-8.424999999999727,17.69499999999971,-4.212499999999864,-17.69499999999971,1,2
impulse_continuation:bars=6:atr=0.5:rr=3.0,7,291,0.822722090832318,-297.5704078085996,463.20765284308277,-4.2510058258371375,-107.10945480831742,35,70
impulse_continuation:bars=3:atr=0.75:rr=2.0,17,6,0.001804071144052979,-28.495046055030343,28.546546055030603,-4.749174342505057,-10.175000000000182,1,6
impulse_continuation:bars=3:atr=0.75:rr=2.5,17,6,0.001804071144052979,-28.495046055030343,28.546546055030603,-4.749174342505057,-10.175000000000182,1,6
impulse_continuation:bars=3:atr=0.75:rr=3.0,17,6,0.001804071144052979,-28.495046055030343,28.546546055030603,-4.749174342505057,-10.175000000000182,1,6
impulse_continuation:bars=12:atr=0.5:rr=3.0,8,198,0.7511536334711815,-328.35031017422784,372.01427421671633,-4.758700147452577,-63.469362369548435,31,69
impulse_continuation:bars=6:atr=0.5:rr=2.5,7,291,0.7992220787996689,-334.6202711617584,452.8972730499811,-4.78028958802512,-107.10945480831742,31,70
impulse_continuation:bars=3:atr=0.5:rr=2.5,11,45,0.5230328092731629,-170.68727747786625,186.91952630556443,-4.876779356510464,-73.81237698227051,12,35
impulse_continuation:bars=3:atr=0.5:rr=2.0,15,8,0.3478240275058346,-39.074417245553605,40.80963327722293,-4.884302155694201,-17.69499999999971,3,8
impulse_continuation:bars=3:atr=0.5:rr=2.5,15,8,0.3478240275058346,-39.074417245553605,40.80963327722293,-4.884302155694201,-17.69499999999971,3,8
impulse_continuation:bars=3:atr=0.5:rr=3.0,15,8,0.3478240275058346,-39.074417245553605,40.80963327722293,-4.884302155694201,-17.69499999999971,3,8
impulse_continuation:bars=12:atr=0.5:rr=2.0,13,6,0.030497381962371867,-30.088950884532323,30.088950884532323,-5.014825147422054,-8.601362200517542,1,6
impulse_continuation:bars=12:atr=0.5:rr=2.5,13,6,0.030497381962371867,-30.088950884532323,30.088950884532323,-5.014825147422054,-8.601362200517542,1,6
impulse_continuation:bars=12:atr=0.5:rr=3.0,13,6,0.030497381962371867,-30.088950884532323,30.088950884532323,-5.014825147422054,-8.601362200517542,1,6
impulse_continuation:bars=3:atr=0.5:rr=3.0,11,45,0.5066251053333576,-176.55893148174118,194.5676664027426,-5.04454089947832,-73.81237698227051,12,35
impulse_continuation:bars=12:atr=0.5:rr=2.5,8,198,0.7299618952437265,-353.6338159215177,397.29777996400617,-5.125127766978517,-63.469362369548435,31,69
impulse_continuation:bars=3:atr=0.5:rr=2.0,11,45,0.4940284614225699,-181.06676115282198,200.04630026826248,-5.173336032937771,-73.81237698227051,12,35
impulse_continuation:bars=6:atr=0.35:rr=2.5,10,13,0.38476749884743483,-62.949664699351615,62.95500110958665,-5.245805391612635,-28.48994602181756,2,12
impulse_continuation:bars=6:atr=0.5:rr=3.0,9,71,0.4765588288257788,-262.9915264501367,281.1746161297465,-5.259830529002734,-47.9271424086005,15,50
impulse_continuation:bars=6:atr=0.5:rr=2.0,7,291,0.7744038400296429,-373.5200360665308,446.95774254527373,-5.3360005152361545,-107.10945480831742,34,70
impulse_continuation:bars=12:atr=0.75:rr=2.0,8,267,0.7634770239319995,-368.915123603696,391.9950517748712,-5.346595994256464,-99.82597486626901,33,69
impulse_continuation:bars=3:atr=0.35:rr=2.0,13,1,0.0,-5.382436167875767,5.382436167875767,-5.382436167875767,-5.382436167875767,0,1
impulse_continuation:bars=3:atr=0.35:rr=2.5,13,1,0.0,-5.382436167875767,5.382436167875767,-5.382436167875767,-5.382436167875767,0,1
impulse_continuation:bars=3:atr=0.35:rr=3.0,13,1,0.0,-5.382436167875767,5.382436167875767,-5.382436167875767,-5.382436167875767,0,1
impulse_continuation:bars=12:atr=0.5:rr=2.0,7,377,0.8180649675006203,-392.0065914096929,401.32128452455663,-5.44453599180129,-73.94020252929886,29,72
impulse_continuation:bars=6:atr=0.5:rr=2.0,17,1,0.0,-5.650000000000546,5.650000000000546,-5.650000000000546,-5.650000000000546,0,1
impulse_continuation:bars=6:atr=0.5:rr=2.5,17,1,0.0,-5.650000000000546,5.650000000000546,-5.650000000000546,-5.650000000000546,0,1
impulse_continuation:bars=6:atr=0.5:rr=3.0,17,1,0.0,-5.650000000000546,5.650000000000546,-5.650000000000546,-5.650000000000546,0,1
impulse_continuation:bars=6:atr=0.5:rr=2.5,9,71,0.43707085030106085,-282.8313944630968,298.34346444729476,-5.6566278892619355,-47.9271424086005,15,50
impulse_continuation:bars=6:atr=0.35:rr=2.0,10,13,0.32709106101416446,-68.85103111912895,68.85103111912895,-5.737585926594079,-28.48994602181756,2,12
impulse_continuation:bars=12:atr=0.75:rr=3.0,8,267,0.7456023114189261,-406.82470474020715,415.6457047402073,-5.896010213626191,-99.82597486626901,30,69
impulse_continuation:bars=6:atr=0.5:rr=2.0,9,71,0.4111598066032222,-295.84982959827016,310.55376694439565,-5.916996591965403,-47.9271424086005,15,50
impulse_continuation:bars=12:atr=0.35:rr=2.0,13,1,0.0,-5.923738175929657,5.923738175929657,-5.923738175929657,-5.923738175929657,0,1
impulse_continuation:bars=12:atr=0.35:rr=2.5,13,1,0.0,-5.923738175929657,5.923738175929657,-5.923738175929657,-5.923738175929657,0,1
impulse_continuation:bars=12:atr=0.35:rr=3.0,13,1,0.0,-5.923738175929657,5.923738175929657,-5.923738175929657,-5.923738175929657,0,1
impulse_continuation:bars=12:atr=0.75:rr=2.5,15,9,0.403913678830664,-41.96665674746714,51.41315674746693,-5.995236678209592,-27.457156747466797,2,7
impulse_continuation:bars=12:atr=0.75:rr=3.0,15,9,0.403913678830664,-41.96665674746714,51.41315674746693,-5.995236678209592,-27.457156747466797,2,7
impulse_continuation:bars=6:atr=0.35:rr=3.0,10,13,0.24216540288760727,-77.54049679823947,77.54049679823947,-6.461708066519956,-28.48994602181756,2,12
impulse_continuation:bars=12:atr=0.75:rr=2.5,8,267,0.7186680388346023,-447.52550503305247,456.3465050330526,-6.485876884536992,-99.82597486626901,34,69
impulse_continuation:bars=6:atr=0.75:rr=2.0,15,29,0.4705259615750207,-126.87548695102168,195.27712943253437,-6.67765720794851,-89.02952466955048,8,19
impulse_continuation:bars=6:atr=0.75:rr=3.0,5,179,0.7148806858158935,-445.948170443972,481.71627530213254,-7.078542387999556,-255.73760733310974,23,63
impulse_continuation:bars=6:atr=0.75:rr=2.5,15,29,0.32029806072675737,-166.3412392819787,198.76623928197978,-8.754802067472562,-89.02952466955048,7,19
impulse_continuation:bars=6:atr=0.75:rr=3.0,15,29,0.32029806072675737,-166.3412392819787,198.76623928197978,-8.754802067472562,-89.02952466955048,7,19
impulse_continuation:bars=12:atr=0.75:rr=3.0,7,331,0.6854431090087004,-605.6595757448476,674.6560757448487,-8.777675010794894,-129.6915209064673,22,69
impulse_continuation:bars=12:atr=0.5:rr=2.0,15,2,0.0,-17.562000000001262,17.562000000001262,-8.781000000000631,-16.545000000000528,0,2
impulse_continuation:bars=12:atr=0.5:rr=2.5,15,2,0.0,-17.562000000001262,17.562000000001262,-8.781000000000631,-16.545000000000528,0,2
impulse_continuation:bars=12:atr=0.5:rr=3.0,15,2,0.0,-17.562000000001262,17.562000000001262,-8.781000000000631,-16.545000000000528,0,2
impulse_continuation:bars=12:atr=0.75:rr=2.5,7,331,0.6714418509698241,-624.594583461595,693.5910834615961,-9.052095412486883,-129.6915209064673,22,69
impulse_continuation:bars=12:atr=0.75:rr=2.0,7,331,0.6676724650345528,-629.8777437563276,698.8742437563287,-9.128662952990256,-129.6915209064673,22,69
impulse_continuation:bars=6:atr=0.35:rr=2.0,12,2,0.0,-20.624967405409507,20.624967405409507,-10.312483702704753,-13.287993479184706,0,2
impulse_continuation:bars=6:atr=0.35:rr=2.5,12,2,0.0,-20.624967405409507,20.624967405409507,-10.312483702704753,-13.287993479184706,0,2
impulse_continuation:bars=6:atr=0.35:rr=3.0,12,2,0.0,-20.624967405409507,20.624967405409507,-10.312483702704753,-13.287993479184706,0,2
impulse_continuation:bars=3:atr=0.5:rr=2.0,16,2,0.23825683157707087,-21.324999999999818,27.99499999999989,-10.662499999999909,-27.99499999999989,1,2
impulse_continuation:bars=3:atr=0.5:rr=2.5,16,2,0.23825683157707087,-21.324999999999818,27.99499999999989,-10.662499999999909,-27.99499999999989,1,2
impulse_continuation:bars=3:atr=0.5:rr=3.0,16,2,0.23825683157707087,-21.324999999999818,27.99499999999989,-10.662499999999909,-27.99499999999989,1,2
impulse_continuation:bars=6:atr=0.75:rr=2.0,16,7,0.3610547629157036,-74.25328774593527,102.68128774593515,-12.375547957655877,-68.80961759697493,2,6
impulse_continuation:bars=6:atr=0.75:rr=2.5,16,7,0.3610547629157036,-74.25328774593527,102.68128774593515,-12.375547957655877,-68.80961759697493,2,6
impulse_continuation:bars=6:atr=0.75:rr=3.0,16,7,0.3610547629157036,-74.25328774593527,102.68128774593515,-12.375547957655877,-68.80961759697493,2,6
