gap_index,previous_timestamp,next_timestamp,missing_bar_count,gap_duration_minutes,first_missing_timestamp,last_missing_timestamp
1,2025-01-02T23:55:00+00:00,2025-01-03T01:00:00+00:00,12,65,2025-01-03T00:00:00+00:00,2025-01-03T00:55:00+00:00
2,2025-01-03T23:55:00+00:00,2025-01-06T01:00:00+00:00,588,2945,2025-01-04T00:00:00+00:00,2025-01-06T00:55:00+00:00
3,2025-01-06T23:55:00+00:00,2025-01-07T01:00:00+00:00,12,65,2025-01-07T00:00:00+00:00,2025-01-07T00:55:00+00:00
4,2025-01-07T04:00:00+00:00,2025-01-07T07:00:00+00:00,35,180,2025-01-07T04:05:00+00:00,2025-01-07T06:55:00+00:00
5,2025-01-07T10:55:00+00:00,2025-01-07T11:50:00+00:00,10,55,2025-01-07T11:00:00+00:00,2025-01-07T11:45:00+00:00
6,2025-01-07T23:55:00+00:00,2025-01-08T01:00:00+00:00,12,65,2025-01-08T00:00:00+00:00,2025-01-08T00:55:00+00:00
7,2025-01-08T23:55:00+00:00,2025-01-09T01:00:00+00:00,12,65,2025-01-09T00:00:00+00:00,2025-01-09T00:55:00+00:00
8,2025-01-09T23:55:00+00:00,2025-01-10T01:00:00+00:00,12,65,2025-01-10T00:00:00+00:00,2025-01-10T00:55:00+00:00
9,2025-01-10T23:55:00+00:00,2025-01-13T01:00:00+00:00,588,2945,2025-01-11T00:00:00+00:00,2025-01-13T00:55:00+00:00
10,2025-01-13T23:55:00+00:00,2025-01-14T01:00:00+00:00,12,65,2025-01-14T00:00:00+00:00,2025-01-14T00:55:00+00:00
11,2025-01-14T23:55:00+00:00,2025-01-15T01:00:00+00:00,12,65,2025-01-15T00:00:00+00:00,2025-01-15T00:55:00+00:00
12,2025-01-15T23:55:00+00:00,2025-01-16T01:00:00+00:00,12,65,2025-01-16T00:00:00+00:00,2025-01-16T00:55:00+00:00
13,2025-01-16T23:55:00+00:00,2025-01-17T01:00:00+00:00,12,65,2025-01-17T00:00:00+00:00,2025-01-17T00:55:00+00:00
14,2025-01-17T23:55:00+00:00,2025-01-20T01:00:00+00:00,588,2945,2025-01-18T00:00:00+00:00,2025-01-20T00:55:00+00:00
15,2025-01-20T21:25:00+00:00,2025-01-21T01:00:00+00:00,42,215,2025-01-20T21:30:00+00:00,2025-01-21T00:55:00+00:00
16,2025-01-21T23:55:00+00:00,2025-01-22T01:00:00+00:00,12,65,2025-01-22T00:00:00+00:00,2025-01-22T00:55:00+00:00
17,2025-01-22T23:55:00+00:00,2025-01-23T01:00:00+00:00,12,65,2025-01-23T00:00:00+00:00,2025-01-23T00:55:00+00:00
18,2025-01-23T23:55:00+00:00,2025-01-24T01:00:00+00:00,12,65,2025-01-24T00:00:00+00:00,2025-01-24T00:55:00+00:00
19,2025-01-24T23:55:00+00:00,2025-01-27T01:00:00+00:00,588,2945,2025-01-25T00:00:00+00:00,2025-01-27T00:55:00+00:00
20,2025-01-27T23:55:00+00:00,2025-01-28T01:00:00+00:00,12,65,2025-01-28T00:00:00+00:00,2025-01-28T00:55:00+00:00
21,2025-01-28T23:55:00+00:00,2025-01-29T01:00:00+00:00,12,65,2025-01-29T00:00:00+00:00,2025-01-29T00:55:00+00:00
22,2025-01-29T23:55:00+00:00,2025-01-30T01:00:00+00:00,12,65,2025-01-30T00:00:00+00:00,2025-01-30T00:55:00+00:00
23,2025-01-30T23:55:00+00:00,2025-01-31T01:00:00+00:00,12,65,2025-01-31T00:00:00+00:00,2025-01-31T00:55:00+00:00
24,2025-01-31T23:55:00+00:00,2025-02-03T01:00:00+00:00,588,2945,2025-02-01T00:00:00+00:00,2025-02-03T00:55:00+00:00
25,2025-02-03T23:55:00+00:00,2025-02-04T01:00:00+00:00,12,65,2025-02-04T00:00:00+00:00,2025-02-04T00:55:00+00:00
26,2025-02-04T23:55:00+00:00,2025-02-05T01:00:00+00:00,12,65,2025-02-05T00:00:00+00:00,2025-02-05T00:55:00+00:00
27,2025-02-05T23:55:00+00:00,2025-02-06T01:00:00+00:00,12,65,2025-02-06T00:00:00+00:00,2025-02-06T00:55:00+00:00
28,2025-02-06T23:55:00+00:00,2025-02-07T01:00:00+00:00,12,65,2025-02-07T00:00:00+00:00,2025-02-07T00:55:00+00:00
29,2025-02-07T23:55:00+00:00,2025-02-10T01:00:00+00:00,588,2945,2025-02-08T00:00:00+00:00,2025-02-10T00:55:00+00:00
30,2025-02-10T23:55:00+00:00,2025-02-11T01:00:00+00:00,12,65,2025-02-11T00:00:00+00:00,2025-02-11T00:55:00+00:00
31,2025-02-11T23:55:00+00:00,2025-02-12T01:00:00+00:00,12,65,2025-02-12T00:00:00+00:00,2025-02-12T00:55:00+00:00
32,2025-02-12T23:55:00+00:00,2025-02-13T01:00:00+00:00,12,65,2025-02-13T00:00:00+00:00,2025-02-13T00:55:00+00:00
33,2025-02-13T23:55:00+00:00,2025-02-14T01:00:00+00:00,12,65,2025-02-14T00:00:00+00:00,2025-02-14T00:55:00+00:00
34,2025-02-14T23:55:00+00:00,2025-02-17T01:00:00+00:00,588,2945,2025-02-15T00:00:00+00:00,2025-02-17T00:55:00+00:00
35,2025-02-17T21:25:00+00:00,2025-02-18T01:00:00+00:00,42,215,2025-02-17T21:30:00+00:00,2025-02-18T00:55:00+00:00
36,2025-02-18T23:55:00+00:00,2025-02-19T01:00:00+00:00,12,65,2025-02-19T00:00:00+00:00,2025-02-19T00:55:00+00:00
37,2025-02-19T23:55:00+00:00,2025-02-20T01:00:00+00:00,12,65,2025-02-20T00:00:00+00:00,2025-02-20T00:55:00+00:00
38,2025-02-20T23:55:00+00:00,2025-02-21T01:00:00+00:00,12,65,2025-02-21T00:00:00+00:00,2025-02-21T00:55:00+00:00
39,2025-02-21T23:55:00+00:00,2025-02-24T01:00:00+00:00,588,2945,2025-02-22T00:00:00+00:00,2025-02-24T00:55:00+00:00
40,2025-02-24T23:55:00+00:00,2025-02-25T01:00:00+00:00,12,65,2025-02-25T00:00:00+00:00,2025-02-25T00:55:00+00:00
41,2025-02-25T23:55:00+00:00,2025-02-26T01:00:00+00:00,12,65,2025-02-26T00:00:00+00:00,2025-02-26T00:55:00+00:00
42,2025-02-26T23:55:00+00:00,2025-02-27T01:00:00+00:00,12,65,2025-02-27T00:00:00+00:00,2025-02-27T00:55:00+00:00
43,2025-02-27T23:55:00+00:00,2025-02-28T01:00:00+00:00,12,65,2025-02-28T00:00:00+00:00,2025-02-28T00:55:00+00:00
44,2025-02-28T23:55:00+00:00,2025-03-03T01:00:00+00:00,588,2945,2025-03-01T00:00:00+00:00,2025-03-03T00:55:00+00:00
45,2025-03-03T23:55:00+00:00,2025-03-04T01:00:00+00:00,12,65,2025-03-04T00:00:00+00:00,2025-03-04T00:55:00+00:00
46,2025-03-04T23:55:00+00:00,2025-03-05T01:00:00+00:00,12,65,2025-03-05T00:00:00+00:00,2025-03-05T00:55:00+00:00
47,2025-03-05T23:55:00+00:00,2025-03-06T01:00:00+00:00,12,65,2025-03-06T00:00:00+00:00,2025-03-06T00:55:00+00:00
48,2025-03-06T23:55:00+00:00,2025-03-07T01:00:00+00:00,12,65,2025-03-07T00:00:00+00:00,2025-03-07T00:55:00+00:00
49,2025-03-07T23:55:00+00:00,2025-03-10T00:00:00+00:00,576,2885,2025-03-08T00:00:00+00:00,2025-03-09T23:55:00+00:00
50,2025-03-10T22:55:00+00:00,2025-03-11T00:00:00+00:00,12,65,2025-03-10T23:00:00+00:00,2025-03-10T23:55:00+00:00
51,2025-03-11T22:55:00+00:00,2025-03-12T00:00:00+00:00,12,65,2025-03-11T23:00:00+00:00,2025-03-11T23:55:00+00:00
52,2025-03-12T22:55:00+00:00,2025-03-13T00:00:00+00:00,12,65,2025-03-12T23:00:00+00:00,2025-03-12T23:55:00+00:00
53,2025-03-13T22:55:00+00:00,2025-03-14T00:00:00+00:00,12,65,2025-03-13T23:00:00+00:00,2025-03-13T23:55:00+00:00
54,2025-03-14T22:55:00+00:00,2025-03-17T00:00:00+00:00,588,2945,2025-03-14T23:00:00+00:00,2025-03-16T23:55:00+00:00
55,2025-03-17T22:55:00+00:00,2025-03-18T00:00:00+00:00,12,65,2025-03-17T23:00:00+00:00,2025-03-17T23:55:00+00:00
56,2025-03-18T22:55:00+00:00,2025-03-19T00:00:00+00:00,12,65,2025-03-18T23:00:00+00:00,2025-03-18T23:55:00+00:00
57,2025-03-19T22:55:00+00:00,2025-03-20T00:00:00+00:00,12,65,2025-03-19T23:00:00+00:00,2025-03-19T23:55:00+00:00
58,2025-03-20T22:55:00+00:00,2025-03-21T00:00:00+00:00,12,65,2025-03-20T23:00:00+00:00,2025-03-20T23:55:00+00:00
59,2025-03-21T22:55:00+00:00,2025-03-24T00:00:00+00:00,588,2945,2025-03-21T23:00:00+00:00,2025-03-23T23:55:00+00:00
60,2025-03-24T22:55:00+00:00,2025-03-25T00:00:00+00:00,12,65,2025-03-24T23:00:00+00:00,2025-03-24T23:55:00+00:00
61,2025-03-25T22:55:00+00:00,2025-03-26T00:00:00+00:00,12,65,2025-03-25T23:00:00+00:00,2025-03-25T23:55:00+00:00
62,2025-03-26T22:55:00+00:00,2025-03-27T00:00:00+00:00,12,65,2025-03-26T23:00:00+00:00,2025-03-26T23:55:00+00:00
63,2025-03-27T22:55:00+00:00,2025-03-28T00:00:00+00:00,12,65,2025-03-27T23:00:00+00:00,2025-03-27T23:55:00+00:00
64,2025-03-28T22:55:00+00:00,2025-03-31T01:00:00+00:00,600,3005,2025-03-28T23:00:00+00:00,2025-03-31T00:55:00+00:00
65,2025-03-31T23:55:00+00:00,2025-04-01T01:00:00+00:00,12,65,2025-04-01T00:00:00+00:00,2025-04-01T00:55:00+00:00
66,2025-04-01T23:55:00+00:00,2025-04-02T01:00:00+00:00,12,65,2025-04-02T00:00:00+00:00,2025-04-02T00:55:00+00:00
67,2025-04-02T23:55:00+00:00,2025-04-03T01:00:00+00:00,12,65,2025-04-03T00:00:00+00:00,2025-04-03T00:55:00+00:00
68,2025-04-03T23:55:00+00:00,2025-04-04T01:00:00+00:00,12,65,2025-04-04T00:00:00+00:00,2025-04-04T00:55:00+00:00
69,2025-04-04T23:55:00+00:00,2025-04-07T01:00:00+00:00,588,2945,2025-04-05T00:00:00+00:00,2025-04-07T00:55:00+00:00
70,2025-04-07T23:55:00+00:00,2025-04-08T01:00:00+00:00,12,65,2025-04-08T00:00:00+00:00,2025-04-08T00:55:00+00:00
71,2025-04-08T23:55:00+00:00,2025-04-09T01:00:00+00:00,12,65,2025-04-09T00:00:00+00:00,2025-04-09T00:55:00+00:00
72,2025-04-09T23:55:00+00:00,2025-04-10T01:00:00+00:00,12,65,2025-04-10T00:00:00+00:00,2025-04-10T00:55:00+00:00
73,2025-04-10T23:55:00+00:00,2025-04-11T01:00:00+00:00,12,65,2025-04-11T00:00:00+00:00,2025-04-11T00:55:00+00:00
74,2025-04-11T23:55:00+00:00,2025-04-14T01:00:00+00:00,588,2945,2025-04-12T00:00:00+00:00,2025-04-14T00:55:00+00:00
75,2025-04-14T23:55:00+00:00,2025-04-15T01:00:00+00:00,12,65,2025-04-15T00:00:00+00:00,2025-04-15T00:55:00+00:00
76,2025-04-15T23:55:00+00:00,2025-04-16T01:00:00+00:00,12,65,2025-04-16T00:00:00+00:00,2025-04-16T00:55:00+00:00
77,2025-04-16T23:55:00+00:00,2025-04-17T01:00:00+00:00,12,65,2025-04-17T00:00:00+00:00,2025-04-17T00:55:00+00:00
78,2025-04-17T23:55:00+00:00,2025-04-21T01:00:00+00:00,876,4385,2025-04-18T00:00:00+00:00,2025-04-21T00:55:00+00:00
79,2025-04-21T23:55:00+00:00,2025-04-22T01:00:00+00:00,12,65,2025-04-22T00:00:00+00:00,2025-04-22T00:55:00+00:00
80,2025-04-22T23:55:00+00:00,2025-04-23T01:00:00+00:00,12,65,2025-04-23T00:00:00+00:00,2025-04-23T00:55:00+00:00
81,2025-04-23T23:55:00+00:00,2025-04-24T01:00:00+00:00,12,65,2025-04-24T00:00:00+00:00,2025-04-24T00:55:00+00:00
82,2025-04-24T23:55:00+00:00,2025-04-25T01:00:00+00:00,12,65,2025-04-25T00:00:00+00:00,2025-04-25T00:55:00+00:00
83,2025-04-25T23:55:00+00:00,2025-04-28T01:00:00+00:00,588,2945,2025-04-26T00:00:00+00:00,2025-04-28T00:55:00+00:00
84,2025-04-28T23:55:00+00:00,2025-04-29T01:00:00+00:00,12,65,2025-04-29T00:00:00+00:00,2025-04-29T00:55:00+00:00
85,2025-04-29T23:55:00+00:00,2025-04-30T01:00:00+00:00,12,65,2025-04-30T00:00:00+00:00,2025-04-30T00:55:00+00:00
86,2025-04-30T23:55:00+00:00,2025-05-01T01:00:00+00:00,12,65,2025-05-01T00:00:00+00:00,2025-05-01T00:55:00+00:00
87,2025-05-01T23:55:00+00:00,2025-05-02T01:00:00+00:00,12,65,2025-05-02T00:00:00+00:00,2025-05-02T00:55:00+00:00
88,2025-05-02T12:10:00+00:00,2025-05-02T12:20:00+00:00,1,10,2025-05-02T12:15:00+00:00,2025-05-02T12:15:00+00:00
89,2025-05-02T23:55:00+00:00,2025-05-05T01:00:00+00:00,588,2945,2025-05-03T00:00:00+00:00,2025-05-05T00:55:00+00:00
90,2025-05-05T23:55:00+00:00,2025-05-06T01:00:00+00:00,12,65,2025-05-06T00:00:00+00:00,2025-05-06T00:55:00+00:00
91,2025-05-06T23:55:00+00:00,2025-05-07T01:00:00+00:00,12,65,2025-05-07T00:00:00+00:00,2025-05-07T00:55:00+00:00
92,2025-05-07T23:55:00+00:00,2025-05-08T01:00:00+00:00,12,65,2025-05-08T00:00:00+00:00,2025-05-08T00:55:00+00:00
93,2025-05-08T23:55:00+00:00,2025-05-09T01:00:00+00:00,12,65,2025-05-09T00:00:00+00:00,2025-05-09T00:55:00+00:00
94,2025-05-09T23:55:00+00:00,2025-05-12T01:00:00+00:00,588,2945,2025-05-10T00:00:00+00:00,2025-05-12T00:55:00+00:00
95,2025-05-12T23:55:00+00:00,2025-05-13T01:00:00+00:00,12,65,2025-05-13T00:00:00+00:00,2025-05-13T00:55:00+00:00
96,2025-05-13T23:55:00+00:00,2025-05-14T01:00:00+00:00,12,65,2025-05-14T00:00:00+00:00,2025-05-14T00:55:00+00:00
97,2025-05-14T23:55:00+00:00,2025-05-15T01:00:00+00:00,12,65,2025-05-15T00:00:00+00:00,2025-05-15T00:55:00+00:00
98,2025-05-15T23:55:00+00:00,2025-05-16T01:00:00+00:00,12,65,2025-05-16T00:00:00+00:00,2025-05-16T00:55:00+00:00
99,2025-05-16T23:55:00+00:00,2025-05-19T01:00:00+00:00,588,2945,2025-05-17T00:00:00+00:00,2025-05-19T00:55:00+00:00
100,2025-05-19T23:55:00+00:00,2025-05-20T01:00:00+00:00,12,65,2025-05-20T00:00:00+00:00,2025-05-20T00:55:00+00:00
101,2025-05-20T23:55:00+00:00,2025-05-21T01:00:00+00:00,12,65,2025-05-21T00:00:00+00:00,2025-05-21T00:55:00+00:00
102,2025-05-21T23:55:00+00:00,2025-05-22T01:00:00+00:00,12,65,2025-05-22T00:00:00+00:00,2025-05-22T00:55:00+00:00
103,2025-05-22T23:55:00+00:00,2025-05-23T01:00:00+00:00,12,65,2025-05-23T00:00:00+00:00,2025-05-23T00:55:00+00:00
104,2025-05-23T23:55:00+00:00,2025-05-26T01:00:00+00:00,588,2945,2025-05-24T00:00:00+00:00,2025-05-26T00:55:00+00:00
105,2025-05-26T16:15:00+00:00,2025-05-26T17:35:00+00:00,15,80,2025-05-26T16:20:00+00:00,2025-05-26T17:30:00+00:00
106,2025-05-26T21:25:00+00:00,2025-05-27T01:00:00+00:00,42,215,2025-05-26T21:30:00+00:00,2025-05-27T00:55:00+00:00
107,2025-05-27T10:15:00+00:00,2025-05-27T10:35:00+00:00,3,20,2025-05-27T10:20:00+00:00,2025-05-27T10:30:00+00:00
108,2025-05-27T22:40:00+00:00,2025-05-27T23:00:00+00:00,3,20,2025-05-27T22:45:00+00:00,2025-05-27T22:55:00+00:00
109,2025-05-27T23:55:00+00:00,2025-05-28T01:00:00+00:00,12,65,2025-05-28T00:00:00+00:00,2025-05-28T00:55:00+00:00
110,2025-05-28T23:55:00+00:00,2025-05-29T01:00:00+00:00,12,65,2025-05-29T00:00:00+00:00,2025-05-29T00:55:00+00:00
111,2025-05-29T23:55:00+00:00,2025-05-30T01:00:00+00:00,12,65,2025-05-30T00:00:00+00:00,2025-05-30T00:55:00+00:00
112,2025-05-30T23:55:00+00:00,2025-06-02T01:00:00+00:00,588,2945,2025-05-31T00:00:00+00:00,2025-06-02T00:55:00+00:00
113,2025-06-02T23:55:00+00:00,2025-06-03T01:00:00+00:00,12,65,2025-06-03T00:00:00+00:00,2025-06-03T00:55:00+00:00
114,2025-06-03T23:55:00+00:00,2025-06-04T01:00:00+00:00,12,65,2025-06-04T00:00:00+00:00,2025-06-04T00:55:00+00:00
115,2025-06-04T23:55:00+00:00,2025-06-05T01:00:00+00:00,12,65,2025-06-05T00:00:00+00:00,2025-06-05T00:55:00+00:00
116,2025-06-05T23:55:00+00:00,2025-06-06T01:00:00+00:00,12,65,2025-06-06T00:00:00+00:00,2025-06-06T00:55:00+00:00
117,2025-06-06T23:55:00+00:00,2025-06-09T01:00:00+00:00,588,2945,2025-06-07T00:00:00+00:00,2025-06-09T00:55:00+00:00
118,2025-06-09T23:55:00+00:00,2025-06-10T01:00:00+00:00,12,65,2025-06-10T00:00:00+00:00,2025-06-10T00:55:00+00:00
119,2025-06-10T23:55:00+00:00,2025-06-11T01:00:00+00:00,12,65,2025-06-11T00:00:00+00:00,2025-06-11T00:55:00+00:00
120,2025-06-11T23:55:00+00:00,2025-06-12T01:00:00+00:00,12,65,2025-06-12T00:00:00+00:00,2025-06-12T00:55:00+00:00
121,2025-06-12T23:55:00+00:00,2025-06-13T01:00:00+00:00,12,65,2025-06-13T00:00:00+00:00,2025-06-13T00:55:00+00:00
122,2025-06-13T23:55:00+00:00,2025-06-16T01:00:00+00:00,588,2945,2025-06-14T00:00:00+00:00,2025-06-16T00:55:00+00:00
123,2025-06-16T23:55:00+00:00,2025-06-17T01:00:00+00:00,12,65,2025-06-17T00:00:00+00:00,2025-06-17T00:55:00+00:00
124,2025-06-17T23:55:00+00:00,2025-06-18T01:00:00+00:00,12,65,2025-06-18T00:00:00+00:00,2025-06-18T00:55:00+00:00
125,2025-06-18T23:55:00+00:00,2025-06-19T01:00:00+00:00,12,65,2025-06-19T00:00:00+00:00,2025-06-19T00:55:00+00:00
126,2025-06-19T21:25:00+00:00,2025-06-20T01:00:00+00:00,42,215,2025-06-19T21:30:00+00:00,2025-06-20T00:55:00+00:00
127,2025-06-20T23:55:00+00:00,2025-06-23T01:00:00+00:00,588,2945,2025-06-21T00:00:00+00:00,2025-06-23T00:55:00+00:00
128,2025-06-23T23:55:00+00:00,2025-06-24T01:00:00+00:00,12,65,2025-06-24T00:00:00+00:00,2025-06-24T00:55:00+00:00
129,2025-06-24T23:55:00+00:00,2025-06-25T01:00:00+00:00,12,65,2025-06-25T00:00:00+00:00,2025-06-25T00:55:00+00:00
130,2025-06-25T23:55:00+00:00,2025-06-26T01:00:00+00:00,12,65,2025-06-26T00:00:00+00:00,2025-06-26T00:55:00+00:00
131,2025-06-26T23:55:00+00:00,2025-06-27T01:00:00+00:00,12,65,2025-06-27T00:00:00+00:00,2025-06-27T00:55:00+00:00
132,2025-06-27T23:55:00+00:00,2025-06-30T01:00:00+00:00,588,2945,2025-06-28T00:00:00+00:00,2025-06-30T00:55:00+00:00
133,2025-06-30T23:55:00+00:00,2025-07-01T01:00:00+00:00,12,65,2025-07-01T00:00:00+00:00,2025-07-01T00:55:00+00:00
134,2025-07-01T23:55:00+00:00,2025-07-02T01:00:00+00:00,12,65,2025-07-02T00:00:00+00:00,2025-07-02T00:55:00+00:00
135,2025-07-02T23:55:00+00:00,2025-07-03T01:00:00+00:00,12,65,2025-07-03T00:00:00+00:00,2025-07-03T00:55:00+00:00
136,2025-07-03T03:00:00+00:00,2025-07-03T12:10:00+00:00,109,550,2025-07-03T03:05:00+00:00,2025-07-03T12:05:00+00:00
137,2025-07-03T23:55:00+00:00,2025-07-04T01:00:00+00:00,12,65,2025-07-04T00:00:00+00:00,2025-07-04T00:55:00+00:00
138,2025-07-04T04:00:00+00:00,2025-07-04T10:25:00+00:00,76,385,2025-07-04T04:05:00+00:00,2025-07-04T10:20:00+00:00
139,2025-07-04T14:25:00+00:00,2025-07-04T14:50:00+00:00,4,25,2025-07-04T14:30:00+00:00,2025-07-04T14:45:00+00:00
140,2025-07-04T19:55:00+00:00,2025-07-07T01:00:00+00:00,636,3185,2025-07-04T20:00:00+00:00,2025-07-07T00:55:00+00:00
141,2025-07-07T23:55:00+00:00,2025-07-08T01:00:00+00:00,12,65,2025-07-08T00:00:00+00:00,2025-07-08T00:55:00+00:00
142,2025-07-08T23:55:00+00:00,2025-07-09T01:00:00+00:00,12,65,2025-07-09T00:00:00+00:00,2025-07-09T00:55:00+00:00
143,2025-07-09T23:55:00+00:00,2025-07-10T01:00:00+00:00,12,65,2025-07-10T00:00:00+00:00,2025-07-10T00:55:00+00:00
144,2025-07-10T23:55:00+00:00,2025-07-11T01:00:00+00:00,12,65,2025-07-11T00:00:00+00:00,2025-07-11T00:55:00+00:00
145,2025-07-11T23:55:00+00:00,2025-07-14T01:00:00+00:00,588,2945,2025-07-12T00:00:00+00:00,2025-07-14T00:55:00+00:00
146,2025-07-14T23:55:00+00:00,2025-07-15T01:00:00+00:00,12,65,2025-07-15T00:00:00+00:00,2025-07-15T00:55:00+00:00
147,2025-07-15T23:55:00+00:00,2025-07-16T01:00:00+00:00,12,65,2025-07-16T00:00:00+00:00,2025-07-16T00:55:00+00:00
148,2025-07-16T23:50:00+00:00,2025-07-17T01:05:00+00:00,14,75,2025-07-16T23:55:00+00:00,2025-07-17T01:00:00+00:00
149,2025-07-17T23:50:00+00:00,2025-07-18T01:00:00+00:00,13,70,2025-07-17T23:55:00+00:00,2025-07-18T00:55:00+00:00
150,2025-07-18T23:50:00+00:00,2025-07-21T01:05:00+00:00,590,2955,2025-07-18T23:55:00+00:00,2025-07-21T01:00:00+00:00
151,2025-07-21T23:50:00+00:00,2025-07-22T01:05:00+00:00,14,75,2025-07-21T23:55:00+00:00,2025-07-22T01:00:00+00:00
152,2025-07-22T23:50:00+00:00,2025-07-23T01:05:00+00:00,14,75,2025-07-22T23:55:00+00:00,2025-07-23T01:00:00+00:00
153,2025-07-23T23:50:00+00:00,2025-07-24T01:05:00+00:00,14,75,2025-07-23T23:55:00+00:00,2025-07-24T01:00:00+00:00
154,2025-07-24T23:50:00+00:00,2025-07-25T01:05:00+00:00,14,75,2025-07-24T23:55:00+00:00,2025-07-25T01:00:00+00:00
155,2025-07-25T23:50:00+00:00,2025-07-28T01:05:00+00:00,590,2955,2025-07-25T23:55:00+00:00,2025-07-28T01:00:00+00:00
156,2025-07-28T23:50:00+00:00,2025-07-29T01:05:00+00:00,14,75,2025-07-28T23:55:00+00:00,2025-07-29T01:00:00+00:00
157,2025-07-29T23:50:00+00:00,2025-07-30T01:05:00+00:00,14,75,2025-07-29T23:55:00+00:00,2025-07-30T01:00:00+00:00
158,2025-07-30T23:50:00+00:00,2025-07-31T01:05:00+00:00,14,75,2025-07-30T23:55:00+00:00,2025-07-31T01:00:00+00:00
159,2025-07-31T23:50:00+00:00,2025-08-01T01:05:00+00:00,14,75,2025-07-31T23:55:00+00:00,2025-08-01T01:00:00+00:00
160,2025-08-01T23:50:00+00:00,2025-08-04T01:05:00+00:00,590,2955,2025-08-01T23:55:00+00:00,2025-08-04T01:00:00+00:00
161,2025-08-04T23:50:00+00:00,2025-08-05T01:05:00+00:00,14,75,2025-08-04T23:55:00+00:00,2025-08-05T01:00:00+00:00
162,2025-08-05T23:50:00+00:00,2025-08-06T01:05:00+00:00,14,75,2025-08-05T23:55:00+00:00,2025-08-06T01:00:00+00:00
163,2025-08-06T23:50:00+00:00,2025-08-07T01:05:00+00:00,14,75,2025-08-06T23:55:00+00:00,2025-08-07T01:00:00+00:00
164,2025-08-07T23:50:00+00:00,2025-08-08T01:05:00+00:00,14,75,2025-08-07T23:55:00+00:00,2025-08-08T01:00:00+00:00
165,2025-08-08T23:50:00+00:00,2025-08-11T01:05:00+00:00,590,2955,2025-08-08T23:55:00+00:00,2025-08-11T01:00:00+00:00
166,2025-08-11T23:50:00+00:00,2025-08-12T01:05:00+00:00,14,75,2025-08-11T23:55:00+00:00,2025-08-12T01:00:00+00:00
167,2025-08-12T23:50:00+00:00,2025-08-13T01:05:00+00:00,14,75,2025-08-12T23:55:00+00:00,2025-08-13T01:00:00+00:00
168,2025-08-13T23:50:00+00:00,2025-08-14T01:05:00+00:00,14,75,2025-08-13T23:55:00+00:00,2025-08-14T01:00:00+00:00
169,2025-08-14T23:50:00+00:00,2025-08-15T01:05:00+00:00,14,75,2025-08-14T23:55:00+00:00,2025-08-15T01:00:00+00:00
170,2025-08-15T23:50:00+00:00,2025-08-18T01:05:00+00:00,590,2955,2025-08-15T23:55:00+00:00,2025-08-18T01:00:00+00:00
171,2025-08-18T23:50:00+00:00,2025-08-19T01:05:00+00:00,14,75,2025-08-18T23:55:00+00:00,2025-08-19T01:00:00+00:00
172,2025-08-19T23:50:00+00:00,2025-08-20T01:05:00+00:00,14,75,2025-08-19T23:55:00+00:00,2025-08-20T01:00:00+00:00
173,2025-08-20T23:50:00+00:00,2025-08-21T01:05:00+00:00,14,75,2025-08-20T23:55:00+00:00,2025-08-21T01:00:00+00:00
174,2025-08-21T23:50:00+00:00,2025-08-22T01:05:00+00:00,14,75,2025-08-21T23:55:00+00:00,2025-08-22T01:00:00+00:00
175,2025-08-22T23:50:00+00:00,2025-08-25T01:05:00+00:00,590,2955,2025-08-22T23:55:00+00:00,2025-08-25T01:00:00+00:00
176,2025-08-25T23:50:00+00:00,2025-08-26T01:05:00+00:00,14,75,2025-08-25T23:55:00+00:00,2025-08-26T01:00:00+00:00
177,2025-08-26T23:50:00+00:00,2025-08-27T01:05:00+00:00,14,75,2025-08-26T23:55:00+00:00,2025-08-27T01:00:00+00:00
178,2025-08-27T23:50:00+00:00,2025-08-28T01:05:00+00:00,14,75,2025-08-27T23:55:00+00:00,2025-08-28T01:00:00+00:00
179,2025-08-28T23:50:00+00:00,2025-08-29T01:05:00+00:00,14,75,2025-08-28T23:55:00+00:00,2025-08-29T01:00:00+00:00
180,2025-08-29T23:50:00+00:00,2025-09-01T01:05:00+00:00,590,2955,2025-08-29T23:55:00+00:00,2025-09-01T01:00:00+00:00
181,2025-09-01T21:25:00+00:00,2025-09-02T01:05:00+00:00,43,220,2025-09-01T21:30:00+00:00,2025-09-02T01:00:00+00:00
182,2025-09-02T23:50:00+00:00,2025-09-03T01:05:00+00:00,14,75,2025-09-02T23:55:00+00:00,2025-09-03T01:00:00+00:00
183,2025-09-03T23:50:00+00:00,2025-09-04T01:05:00+00:00,14,75,2025-09-03T23:55:00+00:00,2025-09-04T01:00:00+00:00
184,2025-09-04T23:50:00+00:00,2025-09-05T01:05:00+00:00,14,75,2025-09-04T23:55:00+00:00,2025-09-05T01:00:00+00:00
185,2025-09-05T23:50:00+00:00,2025-09-08T01:05:00+00:00,590,2955,2025-09-05T23:55:00+00:00,2025-09-08T01:00:00+00:00
186,2025-09-08T23:50:00+00:00,2025-09-09T01:05:00+00:00,14,75,2025-09-08T23:55:00+00:00,2025-09-09T01:00:00+00:00
187,2025-09-09T23:55:00+00:00,2025-09-10T01:00:00+00:00,12,65,2025-09-10T00:00:00+00:00,2025-09-10T00:55:00+00:00
188,2025-09-10T23:55:00+00:00,2025-09-11T01:00:00+00:00,12,65,2025-09-11T00:00:00+00:00,2025-09-11T00:55:00+00:00
189,2025-09-11T23:55:00+00:00,2025-09-12T01:00:00+00:00,12,65,2025-09-12T00:00:00+00:00,2025-09-12T00:55:00+00:00
190,2025-09-12T23:55:00+00:00,2025-09-15T01:00:00+00:00,588,2945,2025-09-13T00:00:00+00:00,2025-09-15T00:55:00+00:00
191,2025-09-15T23:55:00+00:00,2025-09-16T01:00:00+00:00,12,65,2025-09-16T00:00:00+00:00,2025-09-16T00:55:00+00:00
192,2025-09-16T23:55:00+00:00,2025-09-17T01:00:00+00:00,12,65,2025-09-17T00:00:00+00:00,2025-09-17T00:55:00+00:00
193,2025-09-17T23:55:00+00:00,2025-09-18T01:00:00+00:00,12,65,2025-09-18T00:00:00+00:00,2025-09-18T00:55:00+00:00
194,2025-09-18T23:55:00+00:00,2025-09-19T01:00:00+00:00,12,65,2025-09-19T00:00:00+00:00,2025-09-19T00:55:00+00:00
195,2025-09-19T23:55:00+00:00,2025-09-22T01:00:00+00:00,588,2945,2025-09-20T00:00:00+00:00,2025-09-22T00:55:00+00:00
196,2025-09-22T16:25:00+00:00,2025-09-22T16:55:00+00:00,5,30,2025-09-22T16:30:00+00:00,2025-09-22T16:50:00+00:00
197,2025-09-22T23:55:00+00:00,2025-09-23T01:00:00+00:00,12,65,2025-09-23T00:00:00+00:00,2025-09-23T00:55:00+00:00
198,2025-09-23T23:55:00+00:00,2025-09-24T01:00:00+00:00,12,65,2025-09-24T00:00:00+00:00,2025-09-24T00:55:00+00:00
199,2025-09-24T23:55:00+00:00,2025-09-25T01:00:00+00:00,12,65,2025-09-25T00:00:00+00:00,2025-09-25T00:55:00+00:00
200,2025-09-25T23:55:00+00:00,2025-09-26T01:00:00+00:00,12,65,2025-09-26T00:00:00+00:00,2025-09-26T00:55:00+00:00
201,2025-09-26T23:55:00+00:00,2025-09-29T01:00:00+00:00,588,2945,2025-09-27T00:00:00+00:00,2025-09-29T00:55:00+00:00
202,2025-09-29T23:55:00+00:00,2025-09-30T01:00:00+00:00,12,65,2025-09-30T00:00:00+00:00,2025-09-30T00:55:00+00:00
203,2025-09-30T23:55:00+00:00,2025-10-01T01:00:00+00:00,12,65,2025-10-01T00:00:00+00:00,2025-10-01T00:55:00+00:00
204,2025-10-01T23:55:00+00:00,2025-10-02T01:00:00+00:00,12,65,2025-10-02T00:00:00+00:00,2025-10-02T00:55:00+00:00
205,2025-10-02T23:55:00+00:00,2025-10-03T01:00:00+00:00,12,65,2025-10-03T00:00:00+00:00,2025-10-03T00:55:00+00:00
206,2025-10-03T23:55:00+00:00,2025-10-06T01:00:00+00:00,588,2945,2025-10-04T00:00:00+00:00,2025-10-06T00:55:00+00:00
207,2025-10-06T23:55:00+00:00,2025-10-07T01:00:00+00:00,12,65,2025-10-07T00:00:00+00:00,2025-10-07T00:55:00+00:00
208,2025-10-07T23:55:00+00:00,2025-10-08T01:00:00+00:00,12,65,2025-10-08T00:00:00+00:00,2025-10-08T00:55:00+00:00
209,2025-10-08T23:55:00+00:00,2025-10-09T01:00:00+00:00,12,65,2025-10-09T00:00:00+00:00,2025-10-09T00:55:00+00:00
210,2025-10-09T23:55:00+00:00,2025-10-10T01:00:00+00:00,12,65,2025-10-10T00:00:00+00:00,2025-10-10T00:55:00+00:00
211,2025-10-10T15:55:00+00:00,2025-10-10T16:10:00+00:00,2,15,2025-10-10T16:00:00+00:00,2025-10-10T16:05:00+00:00
212,2025-10-10T23:55:00+00:00,2025-10-13T01:00:00+00:00,588,2945,2025-10-11T00:00:00+00:00,2025-10-13T00:55:00+00:00
213,2025-10-13T23:55:00+00:00,2025-10-14T01:00:00+00:00,12,65,2025-10-14T00:00:00+00:00,2025-10-14T00:55:00+00:00
214,2025-10-14T23:55:00+00:00,2025-10-15T01:00:00+00:00,12,65,2025-10-15T00:00:00+00:00,2025-10-15T00:55:00+00:00
215,2025-10-15T23:55:00+00:00,2025-10-16T01:00:00+00:00,12,65,2025-10-16T00:00:00+00:00,2025-10-16T00:55:00+00:00
216,2025-10-16T23:55:00+00:00,2025-10-17T01:00:00+00:00,12,65,2025-10-17T00:00:00+00:00,2025-10-17T00:55:00+00:00
217,2025-10-17T23:55:00+00:00,2025-10-20T01:00:00+00:00,588,2945,2025-10-18T00:00:00+00:00,2025-10-20T00:55:00+00:00
218,2025-10-20T23:55:00+00:00,2025-10-21T01:00:00+00:00,12,65,2025-10-21T00:00:00+00:00,2025-10-21T00:55:00+00:00
219,2025-10-21T23:55:00+00:00,2025-10-22T01:00:00+00:00,12,65,2025-10-22T00:00:00+00:00,2025-10-22T00:55:00+00:00
220,2025-10-22T23:55:00+00:00,2025-10-23T01:00:00+00:00,12,65,2025-10-23T00:00:00+00:00,2025-10-23T00:55:00+00:00
221,2025-10-23T20:05:00+00:00,2025-10-23T22:05:00+00:00,23,120,2025-10-23T20:10:00+00:00,2025-10-23T22:00:00+00:00
222,2025-10-23T23:55:00+00:00,2025-10-24T01:00:00+00:00,12,65,2025-10-24T00:00:00+00:00,2025-10-24T00:55:00+00:00
223,2025-10-24T23:55:00+00:00,2025-10-27T00:00:00+00:00,576,2885,2025-10-25T00:00:00+00:00,2025-10-26T23:55:00+00:00
224,2025-10-27T22:55:00+00:00,2025-10-28T00:00:00+00:00,12,65,2025-10-27T23:00:00+00:00,2025-10-27T23:55:00+00:00
225,2025-10-28T22:55:00+00:00,2025-10-29T00:00:00+00:00,12,65,2025-10-28T23:00:00+00:00,2025-10-28T23:55:00+00:00
226,2025-10-29T22:55:00+00:00,2025-10-30T00:00:00+00:00,12,65,2025-10-29T23:00:00+00:00,2025-10-29T23:55:00+00:00
227,2025-10-30T22:55:00+00:00,2025-10-31T00:00:00+00:00,12,65,2025-10-30T23:00:00+00:00,2025-10-30T23:55:00+00:00
228,2025-10-31T22:55:00+00:00,2025-11-03T01:00:00+00:00,600,3005,2025-10-31T23:00:00+00:00,2025-11-03T00:55:00+00:00
229,2025-11-03T23:55:00+00:00,2025-11-04T01:00:00+00:00,12,65,2025-11-04T00:00:00+00:00,2025-11-04T00:55:00+00:00
230,2025-11-04T23:55:00+00:00,2025-11-05T01:00:00+00:00,12,65,2025-11-05T00:00:00+00:00,2025-11-05T00:55:00+00:00
231,2025-11-05T23:55:00+00:00,2025-11-06T01:00:00+00:00,12,65,2025-11-06T00:00:00+00:00,2025-11-06T00:55:00+00:00
232,2025-11-06T23:55:00+00:00,2025-11-07T01:00:00+00:00,12,65,2025-11-07T00:00:00+00:00,2025-11-07T00:55:00+00:00
233,2025-11-07T23:55:00+00:00,2025-11-10T01:00:00+00:00,588,2945,2025-11-08T00:00:00+00:00,2025-11-10T00:55:00+00:00
234,2025-11-10T23:55:00+00:00,2025-11-11T01:00:00+00:00,12,65,2025-11-11T00:00:00+00:00,2025-11-11T00:55:00+00:00
235,2025-11-11T23:55:00+00:00,2025-11-12T01:00:00+00:00,12,65,2025-11-12T00:00:00+00:00,2025-11-12T00:55:00+00:00
236,2025-11-12T23:55:00+00:00,2025-11-13T01:00:00+00:00,12,65,2025-11-13T00:00:00+00:00,2025-11-13T00:55:00+00:00
237,2025-11-13T23:55:00+00:00,2025-11-14T01:00:00+00:00,12,65,2025-11-14T00:00:00+00:00,2025-11-14T00:55:00+00:00
238,2025-11-14T23:55:00+00:00,2025-11-17T01:00:00+00:00,588,2945,2025-11-15T00:00:00+00:00,2025-11-17T00:55:00+00:00
239,2025-11-17T23:55:00+00:00,2025-11-18T01:00:00+00:00,12,65,2025-11-18T00:00:00+00:00,2025-11-18T00:55:00+00:00
240,2025-11-18T23:55:00+00:00,2025-11-19T01:00:00+00:00,12,65,2025-11-19T00:00:00+00:00,2025-11-19T00:55:00+00:00
241,2025-11-19T23:55:00+00:00,2025-11-20T01:00:00+00:00,12,65,2025-11-20T00:00:00+00:00,2025-11-20T00:55:00+00:00
242,2025-11-20T23:55:00+00:00,2025-11-21T01:00:00+00:00,12,65,2025-11-21T00:00:00+00:00,2025-11-21T00:55:00+00:00
243,2025-11-21T23:55:00+00:00,2025-11-24T01:00:00+00:00,588,2945,2025-11-22T00:00:00+00:00,2025-11-24T00:55:00+00:00
244,2025-11-24T23:55:00+00:00,2025-11-25T01:00:00+00:00,12,65,2025-11-25T00:00:00+00:00,2025-11-25T00:55:00+00:00
245,2025-11-25T23:55:00+00:00,2025-11-26T01:00:00+00:00,12,65,2025-11-26T00:00:00+00:00,2025-11-26T00:55:00+00:00
246,2025-11-26T23:55:00+00:00,2025-11-27T01:00:00+00:00,12,65,2025-11-27T00:00:00+00:00,2025-11-27T00:55:00+00:00
247,2025-11-27T23:50:00+00:00,2025-11-28T01:00:00+00:00,13,70,2025-11-27T23:55:00+00:00,2025-11-28T00:55:00+00:00
248,2025-11-28T10:10:00+00:00,2025-11-28T10:20:00+00:00,1,10,2025-11-28T10:15:00+00:00,2025-11-28T10:15:00+00:00
249,2025-11-28T21:40:00+00:00,2025-12-01T01:00:00+00:00,615,3080,2025-11-28T21:45:00+00:00,2025-12-01T00:55:00+00:00
250,2025-12-01T23:55:00+00:00,2025-12-02T01:00:00+00:00,12,65,2025-12-02T00:00:00+00:00,2025-12-02T00:55:00+00:00
251,2025-12-02T23:55:00+00:00,2025-12-03T01:00:00+00:00,12,65,2025-12-03T00:00:00+00:00,2025-12-03T00:55:00+00:00
252,2025-12-03T23:55:00+00:00,2025-12-04T01:00:00+00:00,12,65,2025-12-04T00:00:00+00:00,2025-12-04T00:55:00+00:00
253,2025-12-04T23:55:00+00:00,2025-12-05T01:00:00+00:00,12,65,2025-12-05T00:00:00+00:00,2025-12-05T00:55:00+00:00
254,2025-12-05T23:55:00+00:00,2025-12-08T01:00:00+00:00,588,2945,2025-12-06T00:00:00+00:00,2025-12-08T00:55:00+00:00
255,2025-12-08T23:55:00+00:00,2025-12-09T01:00:00+00:00,12,65,2025-12-09T00:00:00+00:00,2025-12-09T00:55:00+00:00
256,2025-12-09T23:55:00+00:00,2025-12-10T01:00:00+00:00,12,65,2025-12-10T00:00:00+00:00,2025-12-10T00:55:00+00:00
257,2025-12-10T23:55:00+00:00,2025-12-11T01:00:00+00:00,12,65,2025-12-11T00:00:00+00:00,2025-12-11T00:55:00+00:00
258,2025-12-11T23:55:00+00:00,2025-12-12T01:00:00+00:00,12,65,2025-12-12T00:00:00+00:00,2025-12-12T00:55:00+00:00
259,2025-12-12T23:55:00+00:00,2025-12-15T01:00:00+00:00,588,2945,2025-12-13T00:00:00+00:00,2025-12-15T00:55:00+00:00
260,2025-12-15T01:00:00+00:00,2025-12-15T01:15:00+00:00,2,15,2025-12-15T01:05:00+00:00,2025-12-15T01:10:00+00:00
261,2025-12-15T01:15:00+00:00,2025-12-15T01:30:00+00:00,2,15,2025-12-15T01:20:00+00:00,2025-12-15T01:25:00+00:00
262,2025-12-15T01:35:00+00:00,2025-12-15T01:45:00+00:00,1,10,2025-12-15T01:40:00+00:00,2025-12-15T01:40:00+00:00
263,2025-12-15T01:50:00+00:00,2025-12-15T02:05:00+00:00,2,15,2025-12-15T01:55:00+00:00,2025-12-15T02:00:00+00:00
264,2025-12-15T23:55:00+00:00,2025-12-16T01:00:00+00:00,12,65,2025-12-16T00:00:00+00:00,2025-12-16T00:55:00+00:00
265,2025-12-16T01:05:00+00:00,2025-12-16T01:30:00+00:00,4,25,2025-12-16T01:10:00+00:00,2025-12-16T01:25:00+00:00
266,2025-12-16T23:55:00+00:00,2025-12-17T01:00:00+00:00,12,65,2025-12-17T00:00:00+00:00,2025-12-17T00:55:00+00:00
267,2025-12-17T01:10:00+00:00,2025-12-17T01:25:00+00:00,2,15,2025-12-17T01:15:00+00:00,2025-12-17T01:20:00+00:00
268,2025-12-17T01:25:00+00:00,2025-12-17T01:35:00+00:00,1,10,2025-12-17T01:30:00+00:00,2025-12-17T01:30:00+00:00
269,2025-12-17T01:35:00+00:00,2025-12-17T01:45:00+00:00,1,10,2025-12-17T01:40:00+00:00,2025-12-17T01:40:00+00:00
270,2025-12-17T01:50:00+00:00,2025-12-17T02:05:00+00:00,2,15,2025-12-17T01:55:00+00:00,2025-12-17T02:00:00+00:00
271,2025-12-17T23:55:00+00:00,2025-12-18T01:05:00+00:00,13,70,2025-12-18T00:00:00+00:00,2025-12-18T01:00:00+00:00
272,2025-12-18T01:05:00+00:00,2025-12-18T01:15:00+00:00,1,10,2025-12-18T01:10:00+00:00,2025-12-18T01:10:00+00:00
273,2025-12-18T01:20:00+00:00,2025-12-18T01:55:00+00:00,6,35,2025-12-18T01:25:00+00:00,2025-12-18T01:50:00+00:00
274,2025-12-18T01:55:00+00:00,2025-12-18T02:05:00+00:00,1,10,2025-12-18T02:00:00+00:00,2025-12-18T02:00:00+00:00
275,2025-12-18T23:55:00+00:00,2025-12-19T01:00:00+00:00,12,65,2025-12-19T00:00:00+00:00,2025-12-19T00:55:00+00:00
276,2025-12-19T01:05:00+00:00,2025-12-19T01:20:00+00:00,2,15,2025-12-19T01:10:00+00:00,2025-12-19T01:15:00+00:00
277,2025-12-19T01:25:00+00:00,2025-12-19T01:35:00+00:00,1,10,2025-12-19T01:30:00+00:00,2025-12-19T01:30:00+00:00
278,2025-12-19T01:40:00+00:00,2025-12-19T01:50:00+00:00,1,10,2025-12-19T01:45:00+00:00,2025-12-19T01:45:00+00:00
279,2025-12-19T01:50:00+00:00,2025-12-19T02:05:00+00:00,2,15,2025-12-19T01:55:00+00:00,2025-12-19T02:00:00+00:00
280,2025-12-19T23:55:00+00:00,2025-12-22T01:00:00+00:00,588,2945,2025-12-20T00:00:00+00:00,2025-12-22T00:55:00+00:00
281,2025-12-22T01:05:00+00:00,2025-12-22T01:25:00+00:00,3,20,2025-12-22T01:10:00+00:00,2025-12-22T01:20:00+00:00
282,2025-12-22T01:25:00+00:00,2025-12-22T01:40:00+00:00,2,15,2025-12-22T01:30:00+00:00,2025-12-22T01:35:00+00:00
283,2025-12-22T01:40:00+00:00,2025-12-22T02:05:00+00:00,4,25,2025-12-22T01:45:00+00:00,2025-12-22T02:00:00+00:00
284,2025-12-22T23:55:00+00:00,2025-12-23T01:00:00+00:00,12,65,2025-12-23T00:00:00+00:00,2025-12-23T00:55:00+00:00
285,2025-12-23T01:00:00+00:00,2025-12-23T01:15:00+00:00,2,15,2025-12-23T01:05:00+00:00,2025-12-23T01:10:00+00:00
286,2025-12-23T01:15:00+00:00,2025-12-23T01:45:00+00:00,5,30,2025-12-23T01:20:00+00:00,2025-12-23T01:40:00+00:00
287,2025-12-23T01:45:00+00:00,2025-12-23T02:05:00+00:00,3,20,2025-12-23T01:50:00+00:00,2025-12-23T02:00:00+00:00
288,2025-12-23T23:55:00+00:00,2025-12-24T01:00:00+00:00,12,65,2025-12-24T00:00:00+00:00,2025-12-24T00:55:00+00:00
289,2025-12-24T01:05:00+00:00,2025-12-24T02:05:00+00:00,11,60,2025-12-24T01:10:00+00:00,2025-12-24T02:00:00+00:00
290,2025-12-24T20:40:00+00:00,2025-12-26T01:00:00+00:00,339,1700,2025-12-24T20:45:00+00:00,2025-12-26T00:55:00+00:00
291,2025-12-26T01:00:00+00:00,2025-12-26T01:30:00+00:00,5,30,2025-12-26T01:05:00+00:00,2025-12-26T01:25:00+00:00
292,2025-12-26T01:30:00+00:00,2025-12-26T02:00:00+00:00,5,30,2025-12-26T01:35:00+00:00,2025-12-26T01:55:00+00:00
293,2025-12-26T23:55:00+00:00,2025-12-29T01:45:00+00:00,597,2990,2025-12-27T00:00:00+00:00,2025-12-29T01:40:00+00:00
294,2025-12-29T01:50:00+00:00,2025-12-29T02:05:00+00:00,2,15,2025-12-29T01:55:00+00:00,2025-12-29T02:00:00+00:00
295,2025-12-29T23:55:00+00:00,2025-12-30T01:00:00+00:00,12,65,2025-12-30T00:00:00+00:00,2025-12-30T00:55:00+00:00
296,2025-12-30T01:00:00+00:00,2025-12-30T01:50:00+00:00,9,50,2025-12-30T01:05:00+00:00,2025-12-30T01:45:00+00:00
297,2025-12-30T01:55:00+00:00,2025-12-30T02:05:00+00:00,1,10,2025-12-30T02:00:00+00:00,2025-12-30T02:00:00+00:00
298,2025-12-30T23:55:00+00:00,2025-12-31T01:00:00+00:00,12,65,2025-12-31T00:00:00+00:00,2025-12-31T00:55:00+00:00
299,2025-12-31T23:55:00+00:00,2026-01-02T01:00:00+00:00,300,1505,2026-01-01T00:00:00+00:00,2026-01-02T00:55:00+00:00
300,2026-01-02T23:55:00+00:00,2026-01-05T01:00:00+00:00,588,2945,2026-01-03T00:00:00+00:00,2026-01-05T00:55:00+00:00
301,2026-01-05T23:55:00+00:00,2026-01-06T01:00:00+00:00,12,65,2026-01-06T00:00:00+00:00,2026-01-06T00:55:00+00:00
302,2026-01-06T23:55:00+00:00,2026-01-07T01:00:00+00:00,12,65,2026-01-07T00:00:00+00:00,2026-01-07T00:55:00+00:00
303,2026-01-07T23:55:00+00:00,2026-01-08T01:00:00+00:00,12,65,2026-01-08T00:00:00+00:00,2026-01-08T00:55:00+00:00
304,2026-01-08T23:55:00+00:00,2026-01-09T01:00:00+00:00,12,65,2026-01-09T00:00:00+00:00,2026-01-09T00:55:00+00:00
305,2026-01-09T23:55:00+00:00,2026-01-12T01:00:00+00:00,588,2945,2026-01-10T00:00:00+00:00,2026-01-12T00:55:00+00:00
306,2026-01-12T23:55:00+00:00,2026-01-13T01:00:00+00:00,12,65,2026-01-13T00:00:00+00:00,2026-01-13T00:55:00+00:00
307,2026-01-13T23:55:00+00:00,2026-01-14T01:00:00+00:00,12,65,2026-01-14T00:00:00+00:00,2026-01-14T00:55:00+00:00
308,2026-01-14T23:55:00+00:00,2026-01-15T01:00:00+00:00,12,65,2026-01-15T00:00:00+00:00,2026-01-15T00:55:00+00:00
309,2026-01-15T14:55:00+00:00,2026-01-15T15:10:00+00:00,2,15,2026-01-15T15:00:00+00:00,2026-01-15T15:05:00+00:00
310,2026-01-15T23:55:00+00:00,2026-01-16T01:00:00+00:00,12,65,2026-01-16T00:00:00+00:00,2026-01-16T00:55:00+00:00
311,2026-01-16T23:55:00+00:00,2026-01-19T01:00:00+00:00,588,2945,2026-01-17T00:00:00+00:00,2026-01-19T00:55:00+00:00
312,2026-01-19T21:25:00+00:00,2026-01-20T01:00:00+00:00,42,215,2026-01-19T21:30:00+00:00,2026-01-20T00:55:00+00:00
313,2026-01-20T23:55:00+00:00,2026-01-21T01:00:00+00:00,12,65,2026-01-21T00:00:00+00:00,2026-01-21T00:55:00+00:00
314,2026-01-21T23:55:00+00:00,2026-01-22T01:00:00+00:00,12,65,2026-01-22T00:00:00+00:00,2026-01-22T00:55:00+00:00
315,2026-01-22T23:55:00+00:00,2026-01-23T01:00:00+00:00,12,65,2026-01-23T00:00:00+00:00,2026-01-23T00:55:00+00:00
316,2026-01-23T23:55:00+00:00,2026-01-26T01:00:00+00:00,588,2945,2026-01-24T00:00:00+00:00,2026-01-26T00:55:00+00:00
317,2026-01-26T23:55:00+00:00,2026-01-27T01:00:00+00:00,12,65,2026-01-27T00:00:00+00:00,2026-01-27T00:55:00+00:00
318,2026-01-27T23:55:00+00:00,2026-01-28T01:00:00+00:00,12,65,2026-01-28T00:00:00+00:00,2026-01-28T00:55:00+00:00
319,2026-01-28T23:55:00+00:00,2026-01-29T01:00:00+00:00,12,65,2026-01-29T00:00:00+00:00,2026-01-29T00:55:00+00:00
320,2026-01-29T23:55:00+00:00,2026-01-30T01:00:00+00:00,12,65,2026-01-30T00:00:00+00:00,2026-01-30T00:55:00+00:00
321,2026-01-30T23:55:00+00:00,2026-02-02T01:00:00+00:00,588,2945,2026-01-31T00:00:00+00:00,2026-02-02T00:55:00+00:00
322,2026-02-02T23:55:00+00:00,2026-02-03T01:00:00+00:00,12,65,2026-02-03T00:00:00+00:00,2026-02-03T00:55:00+00:00
323,2026-02-03T23:55:00+00:00,2026-02-04T01:00:00+00:00,12,65,2026-02-04T00:00:00+00:00,2026-02-04T00:55:00+00:00
324,2026-02-04T23:55:00+00:00,2026-02-05T01:00:00+00:00,12,65,2026-02-05T00:00:00+00:00,2026-02-05T00:55:00+00:00
325,2026-02-05T23:55:00+00:00,2026-02-06T01:00:00+00:00,12,65,2026-02-06T00:00:00+00:00,2026-02-06T00:55:00+00:00
326,2026-02-06T23:55:00+00:00,2026-02-09T01:00:00+00:00,588,2945,2026-02-07T00:00:00+00:00,2026-02-09T00:55:00+00:00
327,2026-02-09T23:55:00+00:00,2026-02-10T01:00:00+00:00,12,65,2026-02-10T00:00:00+00:00,2026-02-10T00:55:00+00:00
328,2026-02-10T23:55:00+00:00,2026-02-11T01:00:00+00:00,12,65,2026-02-11T00:00:00+00:00,2026-02-11T00:55:00+00:00
329,2026-02-11T23:55:00+00:00,2026-02-12T01:00:00+00:00,12,65,2026-02-12T00:00:00+00:00,2026-02-12T00:55:00+00:00
330,2026-02-12T23:55:00+00:00,2026-02-13T01:00:00+00:00,12,65,2026-02-13T00:00:00+00:00,2026-02-13T00:55:00+00:00
331,2026-02-13T23:55:00+00:00,2026-02-16T01:00:00+00:00,588,2945,2026-02-14T00:00:00+00:00,2026-02-16T00:55:00+00:00
332,2026-02-16T21:25:00+00:00,2026-02-17T01:00:00+00:00,42,215,2026-02-16T21:30:00+00:00,2026-02-17T00:55:00+00:00
333,2026-02-17T23:55:00+00:00,2026-02-18T01:00:00+00:00,12,65,2026-02-18T00:00:00+00:00,2026-02-18T00:55:00+00:00
334,2026-02-18T23:55:00+00:00,2026-02-19T01:00:00+00:00,12,65,2026-02-19T00:00:00+00:00,2026-02-19T00:55:00+00:00
335,2026-02-19T23:55:00+00:00,2026-02-20T01:00:00+00:00,12,65,2026-02-20T00:00:00+00:00,2026-02-20T00:55:00+00:00
336,2026-02-20T23:55:00+00:00,2026-02-23T01:00:00+00:00,588,2945,2026-02-21T00:00:00+00:00,2026-02-23T00:55:00+00:00
337,2026-02-23T23:55:00+00:00,2026-02-24T01:00:00+00:00,12,65,2026-02-24T00:00:00+00:00,2026-02-24T00:55:00+00:00
338,2026-02-24T23:55:00+00:00,2026-02-25T01:00:00+00:00,12,65,2026-02-25T00:00:00+00:00,2026-02-25T00:55:00+00:00
339,2026-02-25T23:55:00+00:00,2026-02-26T01:00:00+00:00,12,65,2026-02-26T00:00:00+00:00,2026-02-26T00:55:00+00:00
340,2026-02-26T21:45:00+00:00,2026-02-27T03:15:00+00:00,65,330,2026-02-26T21:50:00+00:00,2026-02-27T03:10:00+00:00
341,2026-02-27T23:55:00+00:00,2026-03-02T01:00:00+00:00,588,2945,2026-02-28T00:00:00+00:00,2026-03-02T00:55:00+00:00
342,2026-03-02T23:55:00+00:00,2026-03-03T01:00:00+00:00,12,65,2026-03-03T00:00:00+00:00,2026-03-03T00:55:00+00:00
343,2026-03-03T23:55:00+00:00,2026-03-04T01:00:00+00:00,12,65,2026-03-04T00:00:00+00:00,2026-03-04T00:55:00+00:00
344,2026-03-04T23:55:00+00:00,2026-03-05T01:00:00+00:00,12,65,2026-03-05T00:00:00+00:00,2026-03-05T00:55:00+00:00
345,2026-03-05T23:55:00+00:00,2026-03-06T01:00:00+00:00,12,65,2026-03-06T00:00:00+00:00,2026-03-06T00:55:00+00:00
346,2026-03-06T23:55:00+00:00,2026-03-09T01:00:00+00:00,588,2945,2026-03-07T00:00:00+00:00,2026-03-09T00:55:00+00:00
347,2026-03-09T23:00:00+00:00,2026-03-10T01:00:00+00:00,23,120,2026-03-09T23:05:00+00:00,2026-03-10T00:55:00+00:00
348,2026-03-10T23:00:00+00:00,2026-03-11T01:00:00+00:00,23,120,2026-03-10T23:05:00+00:00,2026-03-11T00:55:00+00:00
349,2026-03-11T22:55:00+00:00,2026-03-12T00:00:00+00:00,12,65,2026-03-11T23:00:00+00:00,2026-03-11T23:55:00+00:00
350,2026-03-12T22:55:00+00:00,2026-03-13T00:00:00+00:00,12,65,2026-03-12T23:00:00+00:00,2026-03-12T23:55:00+00:00
351,2026-03-13T22:55:00+00:00,2026-03-16T00:00:00+00:00,588,2945,2026-03-13T23:00:00+00:00,2026-03-15T23:55:00+00:00
352,2026-03-16T22:55:00+00:00,2026-03-17T00:00:00+00:00,12,65,2026-03-16T23:00:00+00:00,2026-03-16T23:55:00+00:00
353,2026-03-17T22:55:00+00:00,2026-03-18T00:00:00+00:00,12,65,2026-03-17T23:00:00+00:00,2026-03-17T23:55:00+00:00
354,2026-03-18T22:55:00+00:00,2026-03-19T00:00:00+00:00,12,65,2026-03-18T23:00:00+00:00,2026-03-18T23:55:00+00:00
355,2026-03-19T22:55:00+00:00,2026-03-20T00:00:00+00:00,12,65,2026-03-19T23:00:00+00:00,2026-03-19T23:55:00+00:00
356,2026-03-20T22:55:00+00:00,2026-03-23T00:00:00+00:00,588,2945,2026-03-20T23:00:00+00:00,2026-03-22T23:55:00+00:00
357,2026-03-23T22:55:00+00:00,2026-03-24T00:00:00+00:00,12,65,2026-03-23T23:00:00+00:00,2026-03-23T23:55:00+00:00
358,2026-03-24T22:55:00+00:00,2026-03-25T00:00:00+00:00,12,65,2026-03-24T23:00:00+00:00,2026-03-24T23:55:00+00:00
359,2026-03-25T22:55:00+00:00,2026-03-26T00:00:00+00:00,12,65,2026-03-25T23:00:00+00:00,2026-03-25T23:55:00+00:00
360,2026-03-26T22:55:00+00:00,2026-03-27T00:00:00+00:00,12,65,2026-03-26T23:00:00+00:00,2026-03-26T23:55:00+00:00
361,2026-03-27T22:55:00+00:00,2026-03-30T01:00:00+00:00,600,3005,2026-03-27T23:00:00+00:00,2026-03-30T00:55:00+00:00
362,2026-03-30T22:55:00+00:00,2026-03-31T01:00:00+00:00,24,125,2026-03-30T23:00:00+00:00,2026-03-31T00:55:00+00:00
363,2026-03-31T22:55:00+00:00,2026-04-01T01:00:00+00:00,24,125,2026-03-31T23:00:00+00:00,2026-04-01T00:55:00+00:00
364,2026-04-01T22:55:00+00:00,2026-04-02T01:00:00+00:00,24,125,2026-04-01T23:00:00+00:00,2026-04-02T00:55:00+00:00
365,2026-04-02T22:55:00+00:00,2026-04-06T01:00:00+00:00,888,4445,2026-04-02T23:00:00+00:00,2026-04-06T00:55:00+00:00
366,2026-04-06T22:55:00+00:00,2026-04-07T01:00:00+00:00,24,125,2026-04-06T23:00:00+00:00,2026-04-07T00:55:00+00:00
367,2026-04-07T22:55:00+00:00,2026-04-08T01:00:00+00:00,24,125,2026-04-07T23:00:00+00:00,2026-04-08T00:55:00+00:00
368,2026-04-08T22:55:00+00:00,2026-04-09T01:00:00+00:00,24,125,2026-04-08T23:00:00+00:00,2026-04-09T00:55:00+00:00
369,2026-04-09T22:55:00+00:00,2026-04-10T01:00:00+00:00,24,125,2026-04-09T23:00:00+00:00,2026-04-10T00:55:00+00:00
370,2026-04-10T22:55:00+00:00,2026-04-13T01:00:00+00:00,600,3005,2026-04-10T23:00:00+00:00,2026-04-13T00:55:00+00:00
371,2026-04-13T22:55:00+00:00,2026-04-14T01:00:00+00:00,24,125,2026-04-13T23:00:00+00:00,2026-04-14T00:55:00+00:00
372,2026-04-14T22:55:00+00:00,2026-04-15T01:00:00+00:00,24,125,2026-04-14T23:00:00+00:00,2026-04-15T00:55:00+00:00
373,2026-04-15T22:55:00+00:00,2026-04-16T01:00:00+00:00,24,125,2026-04-15T23:00:00+00:00,2026-04-16T00:55:00+00:00
374,2026-04-16T22:55:00+00:00,2026-04-17T01:00:00+00:00,24,125,2026-04-16T23:00:00+00:00,2026-04-17T00:55:00+00:00
375,2026-04-17T22:55:00+00:00,2026-04-20T01:00:00+00:00,600,3005,2026-04-17T23:00:00+00:00,2026-04-20T00:55:00+00:00
376,2026-04-20T22:55:00+00:00,2026-04-21T01:00:00+00:00,24,125,2026-04-20T23:00:00+00:00,2026-04-21T00:55:00+00:00
